baseline,normalization,step,id,nombre,score,poblacion_marginal,poblacion_beneficiada,demanda_habilitada,ciclistas_inducidos,componentes_unidos,componentes_red,costo_mclp,grado_dendritico,score_dendritico,cum_poblacion_marginal,cum_demanda_habilitada,cum_ciclistas_inducidos,cum_costo_mclp
poblacion,fixed-G0,1,MET-L04,Radial,1,100383,1498876,215330,0,12,131,5765,,0,100383,215330,0,5765
poblacion,fixed-G0,2,MET-L07,Diagonal Padre Hurtado - Vitacura,0.796011,79906,264434,65078,0,6,127,4787,,0,180289,280408,0,10552
poblacion,fixed-G0,3,MET-L09,Rinconada Maipú - Cajon del Maipo,0.674297,67688,971558,230304,0,5,123,3067,,0,247977,510712,0,13619
poblacion,fixed-G0,4,MET-L03,Norte - Sur,0.625136,62753,972444,62369,0,4,120,3775,,0,310730,573081,0,17394
poblacion,fixed-G0,5,MET-L06,Diagonal Norte - Sur,0.493938,49583,119596,57146,0,6,115,5163,,0,360313,630227,0,22557
poblacion,fixed-G0,6,MET-L05,Diagonal San Bdo - La Dehesa,0.378998,38045,67671,35273,0,3,113,5116,,0,398358,665500,0,27673
poblacion,fixed-G0,7,I16,MATTA-VESPUCIO NORTE,0.339579,34088,1181770,60491,0,2,112,990,,0,432446,725991,0,28663
poblacion,fixed-G0,8,I26,SAN PABLO,0.327555,32881,80853,34854,0,2,111,883,,0,465327,760845,0,29546
poblacion,fixed-G0,9,C068,SAN CARLOS,0.326131,32738,32738,19120,0,1,111,587,,0,498065,779965,0,30133
poblacion,fixed-G0,10,I30,WALKER - HUALLE - AGUIRRE,0.280027,28110,28110,15869,0,1,111,800,,0,526175,795834,0,30933
poblacion,fixed-G0,11,MET-L08,Central,0.272098,27314,771681,54862,0,3,109,3335,,0,553489,850696,0,34268
poblacion,fixed-G0,12,MET-L02,Mapocho,0.259367,26036,38861,20864,0,3,107,3105,,0,579525,871560,0,37373
poblacion,fixed-G0,13,C066,CUATRO PONIENTE,0.216859,21769,21769,13362,0,1,107,676,,0,601294,884922,0,38049
poblacion,fixed-G0,14,I20,PAC - LO ESPEJO - EL BOSQUE,0.200263,20103,20103,10769,0,1,107,1031,,0,621397,895691,0,39080
poblacion,fixed-G0,15,MET-L01,Rinconada - Santuario,0.180688,18138,377613,41254,0,5,103,4415,,0,639535,936945,0,43495
poblacion,fixed-G0,16,I10,GRAN AVENIDA,0.136696,13722,13722,7060,0,1,103,448,,0,653257,944005,0,43943
poblacion,fixed-G0,17,I27,SANTA CECILIA - NONATO COO,0.134913,13543,13543,7818,0,1,103,644,,0,666800,951823,0,44587
poblacion,fixed-G0,18,I12,LAS REJAS - SUIZA - DEPARTAMENTAL,0.131506,13201,13201,7387,0,1,103,1192,,0,680001,959210,0,45779
poblacion,fixed-G0,19,C044,LOS CERRILLOS,0.090723,9107,9107,5227,0,1,103,196,,0,689108,964437,0,45975
poblacion,fixed-G0,20,C052,BAQUEDANO - POSTALES ORIENTE,0.082883,8320,19283,11245,0,2,102,259,,0,697428,975682,0,46234
demanda,fixed-G0,1,MET-L05,Diagonal San Bdo - La Dehesa,1,74619,969094,231055,0,5,138,5116,,0,74619,231055,0,5116
demanda,fixed-G0,2,MET-L04,Radial,0.954284,96491,1488120,220492,0,12,127,5765,,0,171110,451547,0,10881
demanda,fixed-G0,3,I14,LO OVALLE,0.335383,45894,1010660,77492,0,3,125,1374,,0,217004,529039,0,12255
demanda,fixed-G0,4,I16,MATTA-VESPUCIO NORTE,0.255424,34088,1085358,59017,0,3,123,990,,0,251092,588056,0,13245
demanda,fixed-G0,5,MET-L06,Diagonal Norte - Sur,0.24025,51856,99600,55511,0,5,119,5163,,0,302948,643567,0,18408
demanda,fixed-G0,6,MET-L03,Norte - Sur,0.216009,38386,1053337,49910,0,4,116,3775,,0,341334,693477,0,22183
demanda,fixed-G0,7,MET-L01,Rinconada - Santuario,0.192513,21328,354802,44481,0,5,112,4415,,0,362662,737958,0,26598
demanda,fixed-G0,8,MET-L09,Rinconada Maipú - Cajon del Maipo,0.163039,55040,65025,37671,0,3,110,3067,,0,417702,775629,0,29665
demanda,fixed-G0,9,I26,SAN PABLO,0.159516,32881,80853,36857,0,2,109,883,,0,450583,812486,0,30548
demanda,fixed-G0,10,MET-L07,Diagonal Padre Hurtado - Vitacura,0.151393,45297,63081,34980,0,5,106,4787,,0,495880,847466,0,35335
demanda,fixed-G0,11,MET-L02,Mapocho,0.090299,26036,38861,20864,0,3,104,3105,,0,521916,868330,0,38440
demanda,fixed-G0,12,C068,SAN CARLOS,0.082751,32738,32738,19120,0,1,104,587,,0,554654,887450,0,39027
demanda,fixed-G0,13,MET-L08,Central,0.07142,27314,27314,16502,0,2,103,3335,,0,581968,903952,0,42362
demanda,fixed-G0,14,I30,WALKER - HUALLE - AGUIRRE,0.068681,28110,28110,15869,0,1,103,800,,0,610078,919821,0,43162
demanda,fixed-G0,15,C066,CUATRO PONIENTE,0.05783,21769,21769,13362,0,1,103,676,,0,631847,933183,0,43838
demanda,fixed-G0,16,C052,BAQUEDANO - POSTALES ORIENTE,0.048668,8320,19283,11245,0,2,102,259,,0,640167,944428,0,44097
demanda,fixed-G0,17,I12,LAS REJAS - SUIZA - DEPARTAMENTAL,0.040557,16853,16853,9371,0,1,102,1192,,0,657020,953799,0,45289
demanda,fixed-G0,18,I22,PEDRO FONTOVA,0.035524,5297,13773,8208,0,2,101,688,,0,662317,962007,0,45977
demanda,fixed-G0,19,I27,SANTA CECILIA - NONATO COO,0.033836,13543,13543,7818,0,1,101,644,,0,675860,969825,0,46621
demanda,fixed-G0,20,I10,GRAN AVENIDA,0.030555,13722,13722,7060,0,1,101,448,,0,689582,976885,0,47069
equidad,fixed-G0,1,C023,AVENIDA DORSAL,1,16898,22891,2312,0,1,142,308,,0,16898,2312,0,308
equidad,fixed-G0,2,C050,MAR DE DRAKE,1,13308,53383,11221,0,1,142,177,,0,30206,13533,0,485
equidad,fixed-G0,3,C061,EL PINAR,1,5202,5202,2010,0,1,142,222,,0,35408,15543,0,707
equidad,fixed-G0,4,C086,LA ESTRELLA,1,18052,33460,3853,0,1,142,185,,0,53460,19396,0,892
equidad,fixed-G0,5,I19,PAC-LO ESPEJO-SN BDO,1,20704,62835,4563,0,3,140,1435,,0,74164,23959,0,2327
equidad,fixed-G0,6,C011,EYZAGUIRRE,1,4764,12356,173,0,2,139,284,,0,78928,24132,0,2611
equidad,fixed-G0,7,C054,VICTORIA,1,0,3426,47,0,1,139,249,,0,78928,24179,0,2860
equidad,fixed-G0,8,C046,EUCALIPTOS,1,16,16269,227,0,2,138,206,,0,78944,24406,0,3066
equidad,fixed-G0,9,I22,PEDRO FONTOVA,0.952,17615,49198,13250,0,2,137,688,,0,96559,37656,0,3754
equidad,fixed-G0,10,C066,CUATRO PONIENTE,0.935,49812,126728,29943,0,1,137,676,,0,146371,67599,0,4430
equidad,fixed-G0,11,C084,EL PINO - UNO SUR,1,4313,4313,758,0,1,137,166,,0,150684,68357,0,4596
equidad,fixed-G0,12,I01,BARÓN DE JURAS REALES,0.854,16219,18198,7255,0,2,136,781,,0,166903,75612,0,5377
equidad,fixed-G0,13,C021,LAUTARO,0.823,3726,3726,284,0,1,136,342,,0,170629,75896,0,5719
equidad,fixed-G0,14,C052,BAQUEDANO - POSTALES ORIENTE,0.728,12471,87479,22698,0,1,136,259,,0,183100,98594,0,5978
equidad,fixed-G0,15,C068,SAN CARLOS,0.684,35574,279242,42146,0,3,134,587,,0,218674,140740,0,6565
equidad,fixed-G0,16,C003,CONCHA Y TORO,1,0,2169,475,0,2,133,245,,0,218674,141215,0,6810
equidad,fixed-G0,17,C006,DOMINGO TOCORNAL,1,0,4416,1117,0,2,132,439,,0,218674,142332,0,7249
equidad,fixed-G0,18,C012,GABRIELA ORIENTE,1,4999,4999,1265,0,1,132,134,,0,223673,143597,0,7383
equidad,fixed-G0,19,C029,MARIA ELENA,1,7474,7474,493,0,1,132,270,,0,231147,144090,0,7653
equidad,fixed-G0,20,C079,LAS AMERICAS,1,1539,1539,333,0,1,132,137,,0,232686,144423,0,7790
continuidad,fixed-G0,1,C006,DOMINGO TOCORNAL,1,13425,257783,37594,0,4,139,439,,0,13425,37594,0,439
continuidad,fixed-G0,2,EP-ALAMEDA-T3,ALAMEDA TRAMO 3,1,0,470789,47572,0,4,136,341,,0,13425,85166,0,780
continuidad,fixed-G0,3,MET-L01,Rinconada - Santuario,1,32199,268050,73607,0,5,132,4415,,0,45624,158773,0,5195
continuidad,fixed-G0,4,MET-L02,Mapocho,1,26036,99789,31310,0,4,129,3105,,0,71660,190083,0,8300
continuidad,fixed-G0,5,MET-L03,Norte - Sur,1,91130,1676527,230316,0,5,125,3775,,0,162790,420399,0,12075
continuidad,fixed-G0,6,MET-L04,Radial,1,85269,2041978,180238,0,10,116,5765,,0,248059,600637,0,17840
continuidad,fixed-G0,7,I19,PAC-LO ESPEJO-SN BDO,1,15833,72490,22748,0,4,113,1435,,0,263892,623385,0,19275
continuidad,fixed-G0,8,MET-L06,Diagonal Norte - Sur,1,62231,117172,55730,0,5,109,5163,,0,326123,679115,0,24438
continuidad,fixed-G0,9,MET-L07,Diagonal Padre Hurtado - Vitacura,1,59744,77528,42846,0,5,106,4787,,0,385867,721961,0,29225
continuidad,fixed-G0,10,C022,LLANURA  - EL DESIERTO,0.75,0,0,0,0,3,104,122,,0,385867,721961,0,29347
continuidad,fixed-G0,11,MET-L05,Diagonal San Bdo - La Dehesa,0.75,29334,359038,36503,0,3,102,5116,,0,415201,758464,0,34463
continuidad,fixed-G0,12,C001,SAN EUGENIO,0.5,0,0,0,0,2,101,114,,0,415201,758464,0,34577
continuidad,fixed-G0,13,C003,CONCHA Y TORO,0.5,0,2169,1049,0,2,100,245,,0,415201,759513,0,34822
continuidad,fixed-G0,14,C017,LA PARINACOTA,0.5,8571,8581,2566,0,2,99,465,,0,423772,762079,0,35287
continuidad,fixed-G0,15,C045,PORTO ALEGRE,0.5,400,400,200,0,2,98,125,,0,424172,762279,0,35412
continuidad,fixed-G0,16,C046,EUCALIPTOS,0.5,0,10963,6391,0,2,97,206,,0,424172,768670,0,35618
continuidad,fixed-G0,17,C071,BARROS ARANA,0.5,0,0,0,0,2,96,177,,0,424172,768670,0,35795
continuidad,fixed-G0,18,C074,URETA COX,0.5,0,0,0,0,2,95,161,,0,424172,768670,0,35956
continuidad,fixed-G0,19,I01,BARÓN DE JURAS REALES,0.5,7300,9279,4830,0,2,94,781,,0,431472,773500,0,36737
continuidad,fixed-G0,20,I22,PEDRO FONTOVA,0.5,6466,14942,8206,0,2,93,688,,0,437938,781706,0,37425
costoInv,fixed-G0,1,C035,PRODIVENCIA,0.994276,0,0,0,0,2,141,33,,0,0,0,0,33
costoInv,fixed-G0,2,C036,RIO REFUGIO - SALAR SURIRE,0.992194,8229,0,0,0,0,142,45,,0,8229,0,0,78
costoInv,fixed-G0,3,C010,ESQ BLANCA - ALBERTO LLONA,0.9915,0,0,0,0,2,141,49,,0,8229,0,0,127
costoInv,fixed-G0,4,C077,RICARDO VIAL,0.990633,5270,0,0,0,0,142,54,,0,13499,0,0,181
costoInv,fixed-G0,5,C031,NECOCHEA,0.990286,10689,0,0,0,0,143,56,,0,24188,0,0,237
costoInv,fixed-G0,6,C039,TUPUNGATO,0.989072,0,0,0,0,0,144,63,,0,24188,0,0,300
costoInv,fixed-G0,7,C087,SALVADOR GUTIERREZ,0.98595,0,4387,139,0,1,144,81,,0,24188,139,0,381
costoInv,fixed-G0,8,C013,HEROES DE LA CONCEPCION,0.984909,0,0,0,0,1,144,87,,0,24188,139,0,468
costoInv,fixed-G0,9,C038,TALCAHUANO - SANTA INES - LOS EDILES,0.984389,0,0,0,0,0,145,90,,0,24188,139,0,558
costoInv,fixed-G0,10,C076,ISLA DECEPCION,0.983174,0,0,0,0,1,145,97,,0,24188,139,0,655
costoInv,fixed-G0,11,C055,ARTURO PRAT,0.98248,0,0,0,0,0,146,101,,0,24188,139,0,756
costoInv,fixed-G0,12,C001,SAN EUGENIO,0.980225,0,0,0,0,2,145,114,,0,24188,139,0,870
costoInv,fixed-G0,13,C041,VISTA HERMOSA,0.980225,0,48842,2221,0,2,144,114,,0,24188,2360,0,984
costoInv,fixed-G0,14,C082,CAUPOLICAN,0.979532,2416,0,0,0,1,144,118,,0,26604,2360,0,1102
costoInv,fixed-G0,15,C022,LLANURA  - EL DESIERTO,0.978838,0,0,0,0,3,142,122,,0,26604,2360,0,1224
costoInv,fixed-G0,16,C016,JUANITA,0.978664,21,21,5,0,1,142,123,,0,26625,2365,0,1347
costoInv,fixed-G0,17,C045,PORTO ALEGRE,0.978317,400,400,84,0,2,141,125,,0,27025,2449,0,1472
costoInv,fixed-G0,18,C025,LOS DURAZNOS,0.977797,238,238,50,0,1,141,128,,0,27263,2499,0,1600
costoInv,fixed-G0,19,C028,MADRID,0.977624,0,0,0,0,1,141,129,,0,27263,2499,0,1729
costoInv,fixed-G0,20,C034,PEDRO LEON UGALDE,0.97745,0,0,0,0,1,141,130,,0,27263,2499,0,1859
fractal,intrinsic-0-1,1,C001,SAN EUGENIO,1,0,0,0,0,0,,274,1,100,,,,
fractal,intrinsic-0-1,2,C004,CONSISTORIAL,1,0,0,0,0,0,,1633,1,100,,,,
fractal,intrinsic-0-1,3,C005,CORONEL ALEJANDRO SEPULVEDA,1,0,0,0,0,0,,446,1,100,,,,
fractal,intrinsic-0-1,4,C007,EDUARDO CASTILLO VELASCO,1,0,0,0,0,0,,1388,1,100,,,,
fractal,intrinsic-0-1,5,C013,HEROES DE LA CONCEPCION,1,0,0,0,0,0,,209,1,100,,,,
fractal,intrinsic-0-1,6,C014,JOSE DOMINGO CAÑAS,1,0,0,0,0,0,,662,1,100,,,,
fractal,intrinsic-0-1,7,C020,LATINOAMERICA - PINTOR MURILLO - FRANCISCO TOLEDO,1,0,0,0,0,0,,485,1,100,,,,
fractal,intrinsic-0-1,8,C022,LLANURA  - EL DESIERTO,1,0,0,0,0,0,,450,1,100,,,,
fractal,intrinsic-0-1,9,C027,LOS PRESIDENTES,1,0,0,0,0,0,,688,1,100,,,,
fractal,intrinsic-0-1,10,C028,MADRID,1,0,0,0,0,0,,371,1,100,,,,
fractal,intrinsic-0-1,11,C030,MAULE,1,0,0,0,0,0,,559,1,100,,,,
fractal,intrinsic-0-1,12,C032,OBISPO MANUEL UMAÑA,1,0,0,0,0,0,,844,1,100,,,,
fractal,intrinsic-0-1,13,C034,PEDRO LEON UGALDE,1,0,0,0,0,0,,481,1,100,,,,
fractal,intrinsic-0-1,14,C037,SAN ALFONSO,1,0,0,0,0,0,,478,1,100,,,,
fractal,intrinsic-0-1,15,C042,PRINCIPE DE GALES,1,0,0,0,0,0,,574,1,100,,,,
fractal,intrinsic-0-1,16,C044,LOS CERRILLOS,1,0,0,0,0,0,,655,1,100,,,,
fractal,intrinsic-0-1,17,C057,PADRE VICENTE IRARRAZABAL - MANUEL CHACON,1,0,0,0,0,0,,771,1,100,,,,
fractal,intrinsic-0-1,18,C058,ANTONIO EBNER-BARROS ARANA,1,0,0,0,0,0,,1247,1,100,,,,
fractal,intrinsic-0-1,19,C060,ROJAS MAGALLANES,1,0,0,0,0,0,,1506,1,100,,,,
fractal,intrinsic-0-1,20,C061,EL PINAR,1,0,0,0,0,0,,885,1,100,,,,
