p_id,p_nombre,q_id,q_nombre,score_p_G0,score_q_G0,score_q_after_p,score_p_after_q,interaction_p_on_q,interaction_q_on_p,V_pq,V_qp,delta_order,abs_delta_order
MET-L04,Radial,I22,PEDRO FONTOVA,0.768011,0.372226,0.2813798800924152,0.7642683807128579,-0.09084611990758479,-0.003742619287142146,1.0493908800924152,1.1364943807128578,-0.08710350062044259,0.08710350062044259
MET-L01,Rinconada - Santuario,EP-ALAMEDA-T3,ALAMEDA TRAMO 3,0.591949,0.382805,0.28201688913831663,0.5780740609656896,-0.10078811086168338,-0.013874939034310363,0.8739658891383166,0.9608790609656896,-0.08691317182737301,0.08691317182737301
MET-L09,Rinconada Maipú - Cajon del Maipo,C068,SAN CARLOS,0.478703,0.360859,0.24806933400046396,0.44947458679684565,-0.11278966599953602,-0.029228413203154335,0.7267723340004639,0.8103335867968456,-0.08356125279638171,0.08356125279638171
MET-L04,Radial,I01,BARÓN DE JURAS REALES,0.768011,0.379776,0.28486476989802656,0.7522707359229529,-0.09491123010197344,-0.015740264077047095,1.0528757698980264,1.132046735922953,-0.07917096602492646,0.07917096602492646
MET-L06,Diagonal Norte - Sur,I30,WALKER - HUALLE - AGUIRRE,0.571155,0.366998,0.2823175276762119,0.5454382391998498,-0.08468047232378811,-0.025716760800150174,0.8534725276762118,0.9124362391998497,-0.058963711523637885,0.058963711523637885
MET-L01,Rinconada - Santuario,MET-L08,Central,0.591949,0.51574,0.4846052638856313,0.6091074023094702,-0.031134736114368677,0.0171584023094703,1.0765542638856314,1.1248474023094701,-0.048293138423838755,0.048293138423838755
MET-L04,Radial,MET-L08,Central,0.768011,0.51574,0.43052735488316696,0.7299599799703353,-0.08521264511683302,-0.03805102002966465,1.198538354883167,1.2456999799703352,-0.04716162508716826,0.04716162508716826
MET-L05,Diagonal San Bdo - La Dehesa,MET-L09,Rinconada Maipú - Cajon del Maipo,0.633937,0.478703,0.523840081767944,0.6333857931507976,0.045137081767944065,-0.0005512068492024014,1.157777081767944,1.1120887931507974,0.04568828861714658,0.04568828861714658
MET-L07,Diagonal Padre Hurtado - Vitacura,MET-L09,Rinconada Maipú - Cajon del Maipo,0.569592,0.478703,0.6335061104824795,0.6796756672161314,0.15480311048247952,0.11008366721613139,1.2030981104824794,1.1583786672161314,0.044719443266348025,0.044719443266348025
MET-L08,Central,EP-ALAMEDA-T3,ALAMEDA TRAMO 3,0.51574,0.382805,0.2890347421978425,0.4642321515629574,-0.09377025780215753,-0.05150784843704259,0.8047747421978424,0.8470371515629573,-0.04226240936511494,0.04226240936511494
MET-L03,Norte - Sur,MET-L09,Rinconada Maipú - Cajon del Maipo,0.718422,0.478703,0.5497306538528351,0.7491881107495498,0.07102765385283516,0.030766110749549824,1.2681526538528352,1.2278911107495498,0.040261543103285335,0.040261543103285335
I26,SAN PABLO,I12,LAS REJAS - SUIZA - DEPARTAMENTAL,0.448229,0.418101,0.41007777655405003,0.40303221908424774,-0.008023223445949967,-0.045196780915752244,0.85830677655405,0.8211332190842477,0.03717355746980222,0.03717355746980222
MET-L04,Radial,I14,LO OVALLE,0.768011,0.399958,0.454392911145239,0.7857032158571773,0.05443491114523902,0.017692215857177285,1.222403911145239,1.1856612158571773,0.03674269528806162,0.03674269528806162
I16,MATTA-VESPUCIO NORTE,I01,BARÓN DE JURAS REALES,0.404011,0.379776,0.32660119494589057,0.38725259413941165,-0.05317480505410943,-0.016758405860588355,0.7306121949458906,0.7670285941394117,-0.03641639919352113,0.03641639919352113
MET-L04,Radial,MET-L09,Rinconada Maipú - Cajon del Maipo,0.768011,0.478703,0.6068336399846989,0.8617451159269124,0.12813063998469887,0.09373411592691239,1.374844639984699,1.3404481159269124,0.03439652405778659,0.03439652405778659
MET-L04,Radial,MET-L05,Diagonal San Bdo - La Dehesa,0.768011,0.633937,0.6668158600605988,0.7674086223267407,0.032878860060598813,-0.0006023776732593245,1.434826860060599,1.4013456223267406,0.03348123773385825,0.03348123773385825
MET-L03,Norte - Sur,I22,PEDRO FONTOVA,0.718422,0.372226,0.34450258005111917,0.7229479602075298,-0.027723419948880834,0.004525960207529822,1.0629245800511191,1.0951739602075299,-0.03224938015641077,0.03224938015641077
I16,MATTA-VESPUCIO NORTE,I22,PEDRO FONTOVA,0.404011,0.372226,0.37017132592425445,0.4341313451033115,-0.002054674075745555,0.030120345103311463,0.7741823259242544,0.8063573451033115,-0.032175019179057074,0.032175019179057074
MET-L06,Diagonal Norte - Sur,I16,MATTA-VESPUCIO NORTE,0.571155,0.404011,0.3939920139692359,0.5930012306553798,-0.010018986030764121,0.021846230655379828,0.9651470139692359,0.9970122306553798,-0.03186521668614395,0.03186521668614395
MET-L04,Radial,I12,LAS REJAS - SUIZA - DEPARTAMENTAL,0.768011,0.418101,0.4625805943594114,0.780673668556174,0.0444795943594114,0.01266266855617404,1.2305915943594115,1.198774668556174,0.03181692580323747,0.03181692580323747
MET-L07,Diagonal Padre Hurtado - Vitacura,EP-ALAMEDA-T3,ALAMEDA TRAMO 3,0.569592,0.382805,0.4397616464588077,0.5959635567706905,0.056956646458807714,0.026371556770690474,1.0093536464588078,0.9787685567706905,0.03058508968811724,0.03058508968811724
I01,BARÓN DE JURAS REALES,I22,PEDRO FONTOVA,0.379776,0.372226,0.32431684816436834,0.3018197723016238,-0.04790915183563166,-0.07795622769837618,0.7040928481643683,0.6740457723016238,0.030047075862744577,0.030047075862744577
MET-L03,Norte - Sur,C068,SAN CARLOS,0.718422,0.360859,0.4084316857554378,0.7386629140247442,0.04757268575543783,0.02024091402474415,1.1268536857554379,1.099521914024744,0.027331771730693788,0.027331771730693788
MET-L02,Mapocho,I11,JOSE JOAQUIN PEREZ,0.512509,0.402583,0.3021266439973335,0.3853715333564092,-0.1004563560026665,-0.12713746664359077,0.8146356439973335,0.7879545333564093,0.026681110640924155,0.026681110640924155
MET-L04,Radial,I16,MATTA-VESPUCIO NORTE,0.768011,0.404011,0.39874238957193614,0.7891853608950248,-0.005268610428063869,0.02117436089502478,1.1667533895719362,1.193196360895025,-0.026442971323088704,0.026442971323088704
MET-L04,Radial,MET-L02,Mapocho,0.768011,0.512509,0.4893297131043997,0.7706621972255207,-0.023179286895600282,0.0026511972255206517,1.2573407131043997,1.2831711972255206,-0.02583048412112099,0.02583048412112099
I12,LAS REJAS - SUIZA - DEPARTAMENTAL,I11,JOSE JOAQUIN PEREZ,0.418101,0.402583,0.3773582252402681,0.4183609108137524,-0.02522477475973195,0.0002599108137523731,0.7954592252402681,0.8209439108137524,-0.025484685573484267,0.025484685573484267
MET-L01,Rinconada - Santuario,I14,LO OVALLE,0.591949,0.399958,0.37757921705426767,0.594958341711981,-0.022378782945732312,0.003009341711981084,0.9695282170542676,0.9949163417119811,-0.02538812465771345,0.02538812465771345
MET-L03,Norte - Sur,I30,WALKER - HUALLE - AGUIRRE,0.718422,0.366998,0.37253998214838463,0.6995754595973646,0.005541982148384639,-0.018846540402635448,1.0909619821483847,1.0665734595973646,0.024388522551020086,0.024388522551020086
MET-L01,Rinconada - Santuario,MET-L07,Diagonal Padre Hurtado - Vitacura,0.591949,0.569592,0.5362694397625458,0.5818855455613259,-0.03332256023745417,-0.010063454438674069,1.1282184397625459,1.1514775455613258,-0.023259105798779878,0.023259105798779878
MET-L02,Mapocho,I12,LAS REJAS - SUIZA - DEPARTAMENTAL,0.512509,0.418101,0.42285790460474715,0.49457597098864675,0.0047569046047471475,-0.01793302901135324,0.9353669046047471,0.9126769709886468,0.02268993361610039,0.02268993361610039
MET-L07,Diagonal Padre Hurtado - Vitacura,MET-L08,Central,0.569592,0.51574,0.5457087903719006,0.621836160320726,0.02996879037190059,0.052244160320725985,1.1153007903719006,1.137576160320726,-0.022275369948825396,0.022275369948825396
MET-L09,Rinconada Maipú - Cajon del Maipo,C066,CUATRO PONIENTE,0.478703,0.419639,0.3936802487885237,0.4738312913818665,-0.025958751211476283,-0.0048717086181334635,0.8723832487885237,0.8934702913818665,-0.02108704259334282,0.02108704259334282
MET-L05,Diagonal San Bdo - La Dehesa,MET-L08,Central,0.633937,0.51574,0.49882571232815587,0.6376127558373464,-0.016914287671844108,0.0036757558373464727,1.1327627123281558,1.1533527558373464,-0.02059004350919058,0.02059004350919058
MET-L03,Norte - Sur,I12,LAS REJAS - SUIZA - DEPARTAMENTAL,0.718422,0.418101,0.3797628619413249,0.6999542500055774,-0.038338138058675086,-0.018467749994422578,1.0981848619413248,1.1180552500055774,-0.019870388064252564,0.019870388064252564
I12,LAS REJAS - SUIZA - DEPARTAMENTAL,I14,LO OVALLE,0.418101,0.399958,0.35578386462544137,0.3936025603420821,-0.04417413537455861,-0.024498439657917925,0.7738848646254414,0.7935605603420821,-0.01967569571664074,0.01967569571664074
MET-L05,Diagonal San Bdo - La Dehesa,MET-L07,Diagonal Padre Hurtado - Vitacura,0.633937,0.569592,0.5344846319176746,0.6183012677447363,-0.035107368082325396,-0.015635732255263712,1.1684216319176746,1.1878932677447362,-0.019471635827061684,0.019471635827061684
MET-L03,Norte - Sur,MET-L06,Diagonal Norte - Sur,0.718422,0.571155,0.5930388668243991,0.7212024099603462,0.021883866824399134,0.0027804099603462307,1.3114608668243992,1.292357409960346,0.019103456864053125,0.019103456864053125
MET-L01,Rinconada - Santuario,C066,CUATRO PONIENTE,0.591949,0.419639,0.42057902738455366,0.5746606274357426,0.0009400273845536766,-0.017288372564257304,1.0125280273845536,0.9942996274357426,0.01822839994881098,0.01822839994881098
MET-L04,Radial,I11,JOSE JOAQUIN PEREZ,0.768011,0.402583,0.3771563876609859,0.7604246088495958,-0.02542661233901411,-0.007586391150404159,1.1451673876609858,1.163007608849596,-0.017840221188610172,0.017840221188610172
MET-L02,Mapocho,I26,SAN PABLO,0.512509,0.448229,0.4033316866708804,0.4499377293079846,-0.044897313329119615,-0.0625712706920154,0.9158406866708804,0.8981667293079846,0.017673957362895787,0.017673957362895787
MET-L06,Diagonal Norte - Sur,MET-L08,Central,0.571155,0.51574,0.5185123120834589,0.590433343528013,0.002772312083458961,0.019278343528013053,1.089667312083459,1.106173343528013,-0.01650603144455398,0.01650603144455398
MET-L08,Central,I26,SAN PABLO,0.51574,0.448229,0.4699709844557251,0.521497422966991,0.021741984455725116,0.005757422966990999,0.985710984455725,0.969726422966991,0.01598456148873406,0.01598456148873406
MET-L06,Diagonal Norte - Sur,MET-L07,Diagonal Padre Hurtado - Vitacura,0.571155,0.569592,0.5582495190222806,0.5755749966731283,-0.011342480977719394,0.0044199966731283125,1.1294045190222806,1.1451669966731282,-0.015762477650847595,0.015762477650847595
MET-L03,Norte - Sur,MET-L05,Diagonal San Bdo - La Dehesa,0.718422,0.633937,0.5688499736872159,0.6379034113886707,-0.06508702631278407,-0.08051858861132932,1.2872719736872158,1.2718404113886708,0.015431562298545032,0.015431562298545032
MET-L01,Rinconada - Santuario,I12,LAS REJAS - SUIZA - DEPARTAMENTAL,0.591949,0.418101,0.39739610488936755,0.5855411492150555,-0.02070489511063245,-0.0064078507849444355,0.9893451048893676,1.0036421492150556,-0.014297044325688013,0.014297044325688013
MET-L03,Norte - Sur,I14,LO OVALLE,0.718422,0.399958,0.33403160496267764,0.666616215855803,-0.06592639503732234,-0.05180578414419701,1.0524536049626776,1.066574215855803,-0.01412061089312533,0.01412061089312533
MET-L08,Central,I11,JOSE JOAQUIN PEREZ,0.51574,0.402583,0.42373247550797233,0.52400252221428,0.021149475507972304,0.008262522214280033,0.9394724755079723,0.92658552221428,0.012886953293692271,0.012886953293692271
MET-L04,Radial,MET-L06,Diagonal Norte - Sur,0.768011,0.571155,0.5806709259236088,0.7648493511904699,0.009515925923608837,-0.003161648809530071,1.348681925923609,1.33600435119047,0.012677574733138908,0.012677574733138908
MET-L04,Radial,C066,CUATRO PONIENTE,0.768011,0.419639,0.4017032415818458,0.7626155080884234,-0.017935758418154202,-0.005395491911576622,1.1697142415818458,1.1822545080884233,-0.012540266506577469,0.012540266506577469
MET-L09,Rinconada Maipú - Cajon del Maipo,I01,BARÓN DE JURAS REALES,0.478703,0.379776,0.37977596927116425,0.48977994995848784,-3.072883575372387e-8,0.011076949958487847,0.8584789692711643,0.8695559499584878,-0.011076980687323545,0.011076980687323545
MET-L09,Rinconada Maipú - Cajon del Maipo,I16,MATTA-VESPUCIO NORTE,0.478703,0.404011,0.4040110951205431,0.48977994995848784,9.512054310878426e-8,0.011076949958487847,0.8827140951205431,0.8937909499584878,-0.011076854837944738,0.011076854837944738
MET-L09,Rinconada Maipú - Cajon del Maipo,I12,LAS REJAS - SUIZA - DEPARTAMENTAL,0.478703,0.418101,0.41810116801331243,0.48977994995848784,1.6801331242932704e-7,0.011076949958487847,0.8968041680133124,0.9078809499584879,-0.011076781945175473,0.011076781945175473
MET-L09,Rinconada Maipú - Cajon del Maipo,I26,SAN PABLO,0.478703,0.448229,0.44822917686789615,0.48977994995848784,1.7686789616222498e-7,0.011076949958487847,0.9269321768678962,0.9380089499584878,-0.01107677309059163,0.01107677309059163
MET-L09,Rinconada Maipú - Cajon del Maipo,I11,JOSE JOAQUIN PEREZ,0.478703,0.402583,0.4025833200066329,0.48977994995848784,3.2000663285902675e-7,0.011076949958487847,0.8812863200066329,0.8923629499584879,-0.011076629951854988,0.011076629951854988
MET-L02,Mapocho,MET-L09,Rinconada Maipú - Cajon del Maipo,0.512509,0.478703,0.48977994995848784,0.512509368307018,0.011076949958487847,3.68307017994951e-7,1.002288949958488,0.991212368307018,0.011076581651469963,0.011076581651469963
MET-L09,Rinconada Maipú - Cajon del Maipo,I22,PEDRO FONTOVA,0.478703,0.372226,0.37222649178247563,0.48977994995848784,4.917824756311973e-7,0.011076949958487847,0.8509294917824757,0.8620059499584878,-0.011076458176012105,0.011076458176012105
MET-L08,Central,I30,WALKER - HUALLE - AGUIRRE,0.51574,0.366998,0.3777348271413189,0.5155270407068842,0.010736827141318905,-0.00021295929311582196,0.8934748271413189,0.8825250407068841,0.010949786434434783,0.010949786434434783
MET-L05,Diagonal San Bdo - La Dehesa,I14,LO OVALLE,0.633937,0.399958,0.4243926148691046,0.6474943675449747,0.024434614869104643,0.013557367544974719,1.0583296148691046,1.0474523675449747,0.010877247324129868,0.010877247324129868
MET-L08,Central,MET-L02,Mapocho,0.51574,0.512509,0.5337766325503652,0.5263716816401637,0.021267632550365234,0.010631681640163704,1.049516632550365,1.0388806816401637,0.01063595091020142,0.01063595091020142
I30,WALKER - HUALLE - AGUIRRE,C068,SAN CARLOS,0.366998,0.360859,0.35042816861772225,0.3669984617404216,-0.010430831382277739,4.6174042162006046e-7,0.7174261686177222,0.7278574617404217,-0.010431293122699414,0.010431293122699414
MET-L05,Diagonal San Bdo - La Dehesa,I30,WALKER - HUALLE - AGUIRRE,0.633937,0.366998,0.34554818498495987,0.6227891935182268,-0.02144981501504012,-0.01114780648177316,0.9794851849849598,0.9897871935182267,-0.010302008533266904,0.010302008533266904
MET-L06,Diagonal Norte - Sur,I12,LAS REJAS - SUIZA - DEPARTAMENTAL,0.571155,0.418101,0.41189881365660763,0.5750697559247315,-0.0062021863433923685,0.003914755924731561,0.9830538136566076,0.9931707559247316,-0.010116942268123985,0.010116942268123985
MET-L07,Diagonal Padre Hurtado - Vitacura,C066,CUATRO PONIENTE,0.569592,0.419639,0.40096986203696255,0.5607717959054171,-0.01866913796303743,-0.00882020409458284,0.9705618620369625,0.9804107959054171,-0.009848933868454646,0.009848933868454646
MET-L04,Radial,I30,WALKER - HUALLE - AGUIRRE,0.768011,0.366998,0.37649979892835816,0.7680791855236971,0.009501798928358174,0.0000681855236971396,1.144510798928358,1.1350771855236972,0.009433613404660868,0.009433613404660868
MET-L03,Norte - Sur,I01,BARÓN DE JURAS REALES,0.718422,0.379776,0.3751114626431548,0.7227874833630494,-0.004664537356845189,0.004365483363049427,1.0935334626431548,1.1025634833630495,-0.009030020719894782,0.009030020719894782
MET-L06,Diagonal Norte - Sur,I14,LO OVALLE,0.571155,0.399958,0.3980973586339214,0.5781098001398886,-0.0018606413660785526,0.006954800139888584,0.9692523586339215,0.9780678001398886,-0.008815441505967136,0.008815441505967136
MET-L03,Norte - Sur,I16,MATTA-VESPUCIO NORTE,0.718422,0.404011,0.3988410965126171,0.72165203564174,-0.0051699034873828875,0.003230035641739959,1.1172630965126171,1.12566303564174,-0.008399939129122957,0.008399939129122957
MET-L03,Norte - Sur,MET-L07,Diagonal Padre Hurtado - Vitacura,0.718422,0.569592,0.556890011873367,0.7135610461897295,-0.012701988126633035,-0.0048609538102705185,1.275312011873367,1.2831530461897294,-0.007841034316362405,0.007841034316362405
MET-L03,Norte - Sur,MET-L08,Central,0.718422,0.51574,0.5374149732645987,0.7322689739521927,0.021674973264598774,0.013846973952192698,1.2558369732645986,1.2480089739521927,0.007827999312405964,0.007827999312405964
MET-L02,Mapocho,I30,WALKER - HUALLE - AGUIRRE,0.512509,0.366998,0.36333545807741796,0.5161723719700216,-0.00366254192258203,0.003663371970021645,0.875844458077418,0.8831703719700217,-0.00732591389260373,0.00732591389260373
I11,JOSE JOAQUIN PEREZ,I30,WALKER - HUALLE - AGUIRRE,0.402583,0.366998,0.36333545807741796,0.4062463236696366,-0.00366254192258203,0.0036633236696365645,0.765918458077418,0.7732443236696366,-0.0073258655922185945,0.0073258655922185945
MET-L01,Rinconada - Santuario,I30,WALKER - HUALLE - AGUIRRE,0.591949,0.366998,0.36333545807741796,0.5956119033833417,-0.00366254192258203,0.0036629033833417424,0.9552844580774179,0.9626099033833417,-0.007325445305923828,0.007325445305923828
MET-L05,Diagonal San Bdo - La Dehesa,C066,CUATRO PONIENTE,0.633937,0.419639,0.41963901647693164,0.6409526030425591,1.6476931652409377e-8,0.007015603042559104,1.0535760164769317,1.060591603042559,-0.007015586565627396,0.007015586565627396
MET-L05,Diagonal San Bdo - La Dehesa,I16,MATTA-VESPUCIO NORTE,0.633937,0.404011,0.4040110951205431,0.6409526030425591,9.512054310878426e-8,0.007015603042559104,1.037948095120543,1.044963603042559,-0.0070155079220159955,0.0070155079220159955
MET-L04,Radial,MET-L03,Norte - Sur,0.768011,0.718422,0.7287573945079284,0.7716069814877958,0.01033539450792842,0.0035959814877958296,1.4967683945079284,1.4900289814877958,0.00673941302013259,0.00673941302013259
MET-L07,Diagonal Padre Hurtado - Vitacura,I30,WALKER - HUALLE - AGUIRRE,0.569592,0.366998,0.3683593160524179,0.5647016914035355,0.0013613160524179047,-0.004890308596464443,0.9379513160524179,0.9316996914035356,0.006251624648882292,0.006251624648882292
MET-L03,Norte - Sur,MET-L01,Rinconada - Santuario,0.718422,0.591949,0.5975261768417696,0.7297319633233834,0.0055771768417696155,0.01130996332338341,1.3159481768417696,1.3216809633233835,-0.005732786481613905,0.005732786481613905
MET-L05,Diagonal San Bdo - La Dehesa,MET-L01,Rinconada - Santuario,0.633937,0.591949,0.5853803209580994,0.6328012704221568,-0.006568679041900505,-0.0011357295778431364,1.2193173209580994,1.224750270422157,-0.005432949464057479,0.005432949464057479
MET-L08,Central,I12,LAS REJAS - SUIZA - DEPARTAMENTAL,0.51574,0.418101,0.40243285900833775,0.49469453269074437,-0.01566814099166225,-0.021045467309255605,0.9181728590083378,0.9127955326907444,0.005377326317593356,0.005377326317593356
MET-L09,Rinconada Maipú - Cajon del Maipo,I30,WALKER - HUALLE - AGUIRRE,0.478703,0.366998,0.3669984617404216,0.48396456534310317,4.6174042162006046e-7,0.005261565343103181,0.8457014617404216,0.8509625653431032,-0.005261103602681616,0.005261103602681616
MET-L04,Radial,EP-ALAMEDA-T3,ALAMEDA TRAMO 3,0.768011,0.382805,0.3916069780897268,0.7717909427647927,0.00880197808972677,0.0037799427647926542,1.1596179780897269,1.1545959427647927,0.005022035324934171,0.005022035324934171
MET-L05,Diagonal San Bdo - La Dehesa,C068,SAN CARLOS,0.633937,0.360859,0.345616092047951,0.6235074873807321,-0.015242907952048967,-0.010429512619267833,0.9795530920479509,0.9843664873807321,-0.004813395332781134,0.004813395332781134
MET-L01,Rinconada - Santuario,I26,SAN PABLO,0.591949,0.448229,0.4516227572928797,0.5905464161951977,0.0033937572928797177,-0.0014025838048022932,1.0435717572928795,1.0387754161951976,0.0047963410976819,0.0047963410976819
I12,LAS REJAS - SUIZA - DEPARTAMENTAL,EP-ALAMEDA-T3,ALAMEDA TRAMO 3,0.418101,0.382805,0.35700770190617814,0.39697949433310176,-0.025797298093821863,-0.021121505666898244,0.7751087019061782,0.7797844943331018,-0.0046757924269236195,0.0046757924269236195
MET-L06,Diagonal Norte - Sur,EP-ALAMEDA-T3,ALAMEDA TRAMO 3,0.571155,0.382805,0.3792480929855648,0.5718562025012578,-0.003556907014435229,0.0007012025012578249,0.9504030929855647,0.9546612025012577,-0.004258109515693054,0.004258109515693054
MET-L01,Rinconada - Santuario,MET-L06,Diagonal Norte - Sur,0.591949,0.571155,0.5721866990723559,0.5887226610327252,0.001031699072355896,-0.0032263389672747556,1.164135699072356,1.1598776610327253,0.004258038039630652,0.004258038039630652
MET-L07,Diagonal Padre Hurtado - Vitacura,I12,LAS REJAS - SUIZA - DEPARTAMENTAL,0.569592,0.418101,0.3882773414028059,0.5439636730087446,-0.029823658597194103,-0.02562832699125539,0.9578693414028059,0.9620646730087445,-0.004195331605938657,0.004195331605938657
I12,LAS REJAS - SUIZA - DEPARTAMENTAL,I30,WALKER - HUALLE - AGUIRRE,0.418101,0.366998,0.3670390715939629,0.42208210411205965,0.00004107159396288251,0.003981104112059652,0.7851400715939629,0.7890801041120596,-0.003940032518096714,0.003940032518096714
I11,JOSE JOAQUIN PEREZ,I14,LO OVALLE,0.402583,0.399958,0.40460879498235375,0.4034870009484,0.0046507949823537675,0.0009040009483999856,0.8071917949823537,0.8034450009484,0.0037467940339537265,0.0037467940339537265
MET-L03,Norte - Sur,MET-L02,Mapocho,0.718422,0.512509,0.5165028685411197,0.7186895271577605,0.003993868541119716,0.000267527157760461,1.2349248685411198,1.2311985271577606,0.003726341383359255,0.003726341383359255
MET-L02,Mapocho,I14,LO OVALLE,0.512509,0.399958,0.40829040415796397,0.5171219960189077,0.00833240415796399,0.004612996018907745,0.9207994041579639,0.9170799960189078,0.003719408139056135,0.003719408139056135
MET-L07,Diagonal Padre Hurtado - Vitacura,I22,PEDRO FONTOVA,0.569592,0.372226,0.37222649178247563,0.5659286230760465,4.917824756311973e-7,-0.0036633769239534653,0.9418184917824757,0.9381546230760465,0.0036638687064292075,0.0036638687064292075
MET-L07,Diagonal Padre Hurtado - Vitacura,MET-L02,Mapocho,0.569592,0.512509,0.5125919924497925,0.566011247218821,0.00008299244979248499,-0.0035807527811789752,1.0821839924497925,1.0785202472188211,0.003663745230971349,0.003663745230971349
EP-ALAMEDA-T3,ALAMEDA TRAMO 3,I22,PEDRO FONTOVA,0.382805,0.372226,0.37222649178247563,0.37914182458127216,4.917824756311973e-7,-0.0036631754187278487,0.7550314917824756,0.7513678245812722,0.00366366720120348,0.00366366720120348
I12,LAS REJAS - SUIZA - DEPARTAMENTAL,I22,PEDRO FONTOVA,0.418101,0.372226,0.37222649178247563,0.4144381643503087,4.917824756311973e-7,-0.003662835649691276,0.7903274917824756,0.7866641643503087,0.0036633274321669074,0.0036633274321669074
I26,SAN PABLO,I22,PEDRO FONTOVA,0.448229,0.372226,0.37222649178247563,0.4445661732048925,4.917824756311973e-7,-0.0036628267951074878,0.8204554917824756,0.8167921732048925,0.0036633185775830635,0.0036633185775830635
EP-ALAMEDA-T3,ALAMEDA TRAMO 3,I01,BARÓN DE JURAS REALES,0.382805,0.379776,0.37977596927116425,0.37914182458127216,-3.072883575372387e-8,-0.0036631754187278487,0.7625809692711643,0.7589178245812722,0.0036631446898920395,0.0036631446898920395
I26,SAN PABLO,I01,BARÓN DE JURAS REALES,0.448229,0.379776,0.37977596927116425,0.4445661732048925,-3.072883575372387e-8,-0.0036628267951074878,0.8280049692711642,0.8243421732048926,0.003662796066271623,0.003662796066271623
I26,SAN PABLO,I30,WALKER - HUALLE - AGUIRRE,0.448229,0.366998,0.36333545807741796,0.44822917686789615,-0.00366254192258203,1.7686789616222498e-7,0.811564458077418,0.8152271768678961,-0.003662718790478192,0.003662718790478192
I01,BARÓN DE JURAS REALES,I30,WALKER - HUALLE - AGUIRRE,0.379776,0.366998,0.3669984617404216,0.38343897293416784,4.6174042162006046e-7,0.0036629729341678408,0.7467744617404216,0.7504369729341678,-0.003662511193746165,0.003662511193746165
MET-L03,Norte - Sur,C066,CUATRO PONIENTE,0.718422,0.419639,0.41963901647693164,0.7220220342496659,1.6476931652409377e-8,0.0036000342496659288,1.1380610164769316,1.1416610342496658,-0.003600017772734221,0.003600017772734221
MET-L06,Diagonal Norte - Sur,C068,SAN CARLOS,0.571155,0.360859,0.404212394470113,0.6180630287994978,0.043353394470112994,0.04690802879949785,0.9753673944701129,0.9789220287994977,-0.0035546343293848537,0.0035546343293848537
MET-L07,Diagonal Padre Hurtado - Vitacura,I14,LO OVALLE,0.569592,0.399958,0.3821542185376184,0.5553018212033167,-0.017803781462381596,-0.014290178796683262,0.9517462185376184,0.9552598212033168,-0.0035136026656983343,0.0035136026656983343
MET-L08,Central,I01,BARÓN DE JURAS REALES,0.51574,0.379776,0.3836475146899602,0.5161469622128033,0.0038715146899602204,0.0004069622128033412,0.8993875146899601,0.8959229622128033,0.0034645524771568237,0.0034645524771568237
I26,SAN PABLO,I11,JOSE JOAQUIN PEREZ,0.448229,0.402583,0.3304987264905644,0.3727456402184583,-0.07208427350943564,-0.07548335978154169,0.7787277264905643,0.7753286402184583,0.0033990862721060555,0.0033990862721060555
MET-L05,Diagonal San Bdo - La Dehesa,I01,BARÓN DE JURAS REALES,0.633937,0.379776,0.38343897293416784,0.6409526030425591,0.0036629729341678408,0.007015603042559104,1.0173759729341678,1.020728603042559,-0.0033526301083912635,0.0033526301083912635
MET-L05,Diagonal San Bdo - La Dehesa,I26,SAN PABLO,0.633937,0.448229,0.44822917686789615,0.6372895993795554,1.7686789616222498e-7,0.0033525993795554543,1.082166176867896,1.0855185993795553,-0.0033524225116592365,0.0033524225116592365
MET-L05,Diagonal San Bdo - La Dehesa,I22,PEDRO FONTOVA,0.633937,0.372226,0.3758894954454793,0.6409526030425591,0.003663495445479281,0.007015603042559104,1.0098264954454792,1.0131786030425591,-0.003352107597079934,0.003352107597079934
C066,CUATRO PONIENTE,EP-ALAMEDA-T3,ALAMEDA TRAMO 3,0.419639,0.382805,0.3795740590135066,0.41963901647693164,-0.0032309409864934024,1.6476931652409377e-8,0.7992130590135066,0.8024440164769316,-0.003230957463425055,0.003230957463425055
MET-L08,Central,I22,PEDRO FONTOVA,0.51574,0.372226,0.3761503723928594,0.5164349634728822,0.003924372392859421,0.0006949634728822263,0.8918903723928594,0.8886609634728821,0.00322940891997725,0.00322940891997725
MET-L01,Rinconada - Santuario,I11,JOSE JOAQUIN PEREZ,0.591949,0.402583,0.40566029615990634,0.5919425483673714,0.0030772961599063176,-0.000006451632628579063,0.9976092961599063,0.9945255483673714,0.003083747792534952,0.003083747792534952
I26,SAN PABLO,EP-ALAMEDA-T3,ALAMEDA TRAMO 3,0.448229,0.382805,0.38241851536115695,0.45083852842962213,-0.0003864846388430543,0.0026095284296221433,0.830647515361157,0.8336435284296222,-0.0029960130684651975,0.0029960130684651975
MET-L01,Rinconada - Santuario,MET-L02,Mapocho,0.591949,0.512509,0.520307157792368,0.5968003528188734,0.007798157792368032,0.0048513528188735,1.112256157792368,1.1093093528188733,0.0029468049734946433,0.0029468049734946433
I26,SAN PABLO,I14,LO OVALLE,0.448229,0.399958,0.4039142103937557,0.44925910147792075,0.00395621039375571,0.001030101477920764,0.8521432103937556,0.8492171014779207,0.0029261089158348907,0.0029261089158348907
MET-L04,Radial,MET-L01,Rinconada - Santuario,0.768011,0.591949,0.5762024370962989,0.7496019291663768,-0.015746562903701022,-0.018409070833623198,1.344213437096299,1.3415509291663767,0.0026625079299222865,0.0026625079299222865
MET-L06,Diagonal Norte - Sur,MET-L02,Mapocho,0.571155,0.512509,0.5137288375745889,0.5747366164792901,0.0012198375745888779,0.0035816164792901173,1.0848838375745888,1.08724561647929,-0.0023617789047012394,0.0023617789047012394
MET-L03,Norte - Sur,EP-ALAMEDA-T3,ALAMEDA TRAMO 3,0.718422,0.382805,0.38290510406937905,0.7163107566009208,0.00010010406937904781,-0.002111243399079199,1.101327104069379,1.0991157566009209,0.0022113474684581913,0.0022113474684581913
MET-L04,Radial,MET-L07,Diagonal Padre Hurtado - Vitacura,0.768011,0.569592,0.5398532808919505,0.736222501568789,-0.029738719108049483,-0.03178849843121101,1.3078642808919505,1.305814501568789,0.002049779323161527,0.002049779323161527
MET-L08,Central,C066,CUATRO PONIENTE,0.51574,0.419639,0.41963901647693164,0.5139864446591715,1.6476931652409377e-8,-0.0017535553408284388,0.9353790164769316,0.9336254446591715,0.0017535718177600357,0.0017535718177600357
MET-L04,Radial,I26,SAN PABLO,0.768011,0.448229,0.4403936167446781,0.7619211513116214,-0.007835383255321904,-0.006089848688378585,1.208404616744678,1.2101501513116215,-0.0017455345669434852,0.0017455345669434852
MET-L05,Diagonal San Bdo - La Dehesa,MET-L06,Diagonal Norte - Sur,0.633937,0.571155,0.5267559213586798,0.5879636824798576,-0.0443990786413202,-0.04597331752014233,1.1606929213586796,1.1591186824798576,0.0015742388788220207,0.0015742388788220207
MET-L05,Diagonal San Bdo - La Dehesa,EP-ALAMEDA-T3,ALAMEDA TRAMO 3,0.633937,0.382805,0.38305682766040866,0.6356431901005583,0.00025182766040865445,0.0017061901005582802,1.0169938276604087,1.0184481901005582,-0.0014543624401495148,0.0014543624401495148
I14,LO OVALLE,EP-ALAMEDA-T3,ALAMEDA TRAMO 3,0.399958,0.382805,0.36135094462836825,0.3770650537598139,-0.021454055371631753,-0.022892946240186063,0.7613089446283683,0.759870053759814,0.00143889086855431,0.00143889086855431
MET-L05,Diagonal San Bdo - La Dehesa,I12,LAS REJAS - SUIZA - DEPARTAMENTAL,0.633937,0.418101,0.4316400847957325,0.6488398654684068,0.013539084795732514,0.0149028654684068,1.0655770847957324,1.0669408654684067,-0.0013637806726742863,0.0013637806726742863
MET-L08,Central,I14,LO OVALLE,0.51574,0.399958,0.38520151039743306,0.49979925565370587,-0.014756489602566925,-0.01594074434629411,0.900941510397433,0.8997572556537059,0.0011842547437270756,0.0011842547437270756
I11,JOSE JOAQUIN PEREZ,EP-ALAMEDA-T3,ALAMEDA TRAMO 3,0.402583,0.382805,0.3842665465983219,0.405081812515486,0.0014615465983218723,0.0024988125154859486,0.7868495465983218,0.787886812515486,-0.0010372659171641319,0.0010372659171641319
MET-L01,Rinconada - Santuario,MET-L09,Rinconada Maipú - Cajon del Maipo,0.591949,0.478703,0.5777185943199941,0.6919394386353782,0.09901559431999407,0.09999043863537826,1.1696675943199941,1.1706424386353782,-0.0009748443153840824,0.0009748443153840824
MET-L06,Diagonal Norte - Sur,I11,JOSE JOAQUIN PEREZ,0.571155,0.402583,0.4032564864022464,0.5726927095720237,0.0006734864022463483,0.0015377095720237044,0.9744114864022464,0.9752757095720237,-0.0008642231697773006,0.0008642231697773006
MET-L06,Diagonal Norte - Sur,I26,SAN PABLO,0.571155,0.448229,0.4450359914133444,0.568798110559185,-0.00319300858665561,-0.0023568894408149133,1.0161909914133442,1.017027110559185,-0.0008361191458408079,0.0008361191458408079
MET-L05,Diagonal San Bdo - La Dehesa,MET-L02,Mapocho,0.633937,0.512509,0.5162549961127961,0.63737222352233,0.003745996112796135,0.0034352235223300553,1.1501919961127962,1.1498812235223301,0.00031077259046607963,0.00031077259046607963
MET-L05,Diagonal San Bdo - La Dehesa,I11,JOSE JOAQUIN PEREZ,0.633937,0.402583,0.4062463236696366,0.6372895993795554,0.0036633236696365645,0.0033525993795554543,1.0401833236696365,1.0398725993795555,0.00031072429008105473,0.00031072429008105473
I14,LO OVALLE,I30,WALKER - HUALLE - AGUIRRE,0.399958,0.366998,0.3714970022826894,0.4041735939331217,0.004499002282689402,0.0042155939331217085,0.7714550022826894,0.7711715939331216,0.00028340834956774863,0.00028340834956774863
MET-L06,Diagonal Norte - Sur,MET-L09,Rinconada Maipú - Cajon del Maipo,0.571155,0.478703,0.5399011900825237,0.6326346486610191,0.061198190082523696,0.06147964866101918,1.1110561900825235,1.1113376486610191,-0.00028145857849559697,0.00028145857849559697
MET-L06,Diagonal Norte - Sur,I01,BARÓN DE JURAS REALES,0.571155,0.379776,0.38000168975396637,0.5716371930413057,0.0002256897539663627,0.00048219304130570073,0.9511566897539663,0.9514131930413057,-0.00025650328733939354,0.00025650328733939354
MET-L02,Mapocho,EP-ALAMEDA-T3,ALAMEDA TRAMO 3,0.512509,0.382805,0.3894096942354705,0.5189475768167628,0.0066046942354704985,0.006438576816762853,0.9019186942354704,0.9017525768167629,0.00016611741870753427,0.00016611741870753427
MET-L03,Norte - Sur,I11,JOSE JOAQUIN PEREZ,0.718422,0.402583,0.4025833200066329,0.7183590305866625,3.2000663285902675e-7,-0.00006296941333749917,1.121005320006633,1.1209420305866624,0.00006328941997058024,0.00006328941997058024
MET-L03,Norte - Sur,I26,SAN PABLO,0.718422,0.448229,0.44822917686789615,0.7183590305866625,1.7686789616222498e-7,-0.00006296941333749917,1.1666511768678962,1.1665880305866625,0.0000631462812337169,0.0000631462812337169
MET-L07,Diagonal Padre Hurtado - Vitacura,I11,JOSE JOAQUIN PEREZ,0.569592,0.402583,0.39892031634362923,0.5659286230760465,-0.003662683656370791,-0.0036633769239534653,0.9685123163436292,0.9685116230760465,6.932675826742951e-7,6.932675826742951e-7
EP-ALAMEDA-T3,ALAMEDA TRAMO 3,I30,WALKER - HUALLE - AGUIRRE,0.382805,0.366998,0.3669984617404216,0.38280482824427586,4.6174042162006046e-7,-1.7175572414318552e-7,0.7498034617404217,0.7498028282442759,6.33496145763246e-7,6.33496145763246e-7
MET-L01,Rinconada - Santuario,I22,PEDRO FONTOVA,0.591949,0.372226,0.37222649178247563,0.591948899720338,4.917824756311973e-7,-1.0027966190762072e-7,0.9641754917824756,0.9641748997203381,5.92062137538818e-7,5.92062137538818e-7
I22,PEDRO FONTOVA,C068,SAN CARLOS,0.372226,0.360859,0.3608589378484915,0.37222649178247563,-6.21515084953117e-8,4.917824756311973e-7,0.7330849378484915,0.7330854917824756,-5.53933984126509e-7,5.53933984126509e-7
MET-L07,Diagonal Padre Hurtado - Vitacura,I26,SAN PABLO,0.569592,0.448229,0.4445661732048925,0.5659286230760465,-0.0036628267951074878,-0.0036633769239534653,1.0141581732048925,1.0141576230760465,5.501288460330045e-7,5.501288460330045e-7
MET-L06,Diagonal Norte - Sur,I22,PEDRO FONTOVA,0.571155,0.372226,0.37222649178247563,0.5711549782331566,4.917824756311973e-7,-2.176684332777512e-8,0.9433814917824757,0.9433809782331566,5.135493190699947e-7,5.135493190699947e-7
C066,CUATRO PONIENTE,I22,PEDRO FONTOVA,0.419639,0.372226,0.37222649178247563,0.41963901647693164,4.917824756311973e-7,1.6476931652409377e-8,0.7918654917824757,0.7918650164769316,4.7530554403429903e-7,4.7530554403429903e-7
MET-L07,Diagonal Padre Hurtado - Vitacura,I16,MATTA-VESPUCIO NORTE,0.569592,0.404011,0.4040110951205431,0.5695916267390503,9.512054310878426e-8,-3.7326094970424606e-7,0.9736030951205431,0.9736026267390503,4.683814928130303e-7,4.683814928130303e-7
C066,CUATRO PONIENTE,I30,WALKER - HUALLE - AGUIRRE,0.419639,0.366998,0.3669984617404216,0.41963901647693164,4.6174042162006046e-7,1.6476931652409377e-8,0.7866374617404216,0.7866370164769316,4.452634899676511e-7,4.452634899676511e-7
MET-L02,Mapocho,C068,SAN CARLOS,0.512509,0.360859,0.3608589378484915,0.512509368307018,-6.21515084953117e-8,3.68307017994951e-7,0.8733679378484915,0.8733683683070179,-4.304585263792404e-7,4.304585263792404e-7
MET-L02,Mapocho,I01,BARÓN DE JURAS REALES,0.512509,0.379776,0.37977596927116425,0.512509368307018,-3.072883575372387e-8,3.68307017994951e-7,0.8922849692711643,0.892285368307018,-3.9903585369316374e-7,3.9903585369316374e-7
I14,LO OVALLE,C068,SAN CARLOS,0.399958,0.360859,0.3608589378484915,0.39995832967740885,-6.21515084953117e-8,3.296774088723531e-7,0.7608169378484915,0.7608173296774088,-3.9182891731215364e-7,3.9182891731215364e-7
I11,JOSE JOAQUIN PEREZ,C068,SAN CARLOS,0.402583,0.360859,0.3608589378484915,0.4025833200066329,-6.21515084953117e-8,3.2000663285902675e-7,0.7634419378484916,0.7634423200066329,-3.8215814135433845e-7,3.8215814135433845e-7
I16,MATTA-VESPUCIO NORTE,I30,WALKER - HUALLE - AGUIRRE,0.404011,0.366998,0.3669984617404216,0.4040110951205431,4.6174042162006046e-7,9.512054310878426e-8,0.7710094617404216,0.771009095120543,3.6661987856678735e-7,3.6661987856678735e-7
I14,LO OVALLE,I01,BARÓN DE JURAS REALES,0.399958,0.379776,0.37977596927116425,0.39995832967740885,-3.072883575372387e-8,3.296774088723531e-7,0.7797339692711642,0.7797343296774089,-3.6040624462607695e-7,3.6040624462607695e-7
MET-L08,Central,C068,SAN CARLOS,0.51574,0.360859,0.3608589378484915,0.5157402908130178,-6.21515084953117e-8,2.908130177781132e-7,0.8765989378484915,0.8765992908130178,-3.529645262734249e-7,3.529645262734249e-7
MET-L02,Mapocho,C066,CUATRO PONIENTE,0.512509,0.419639,0.41963901647693164,0.512509368307018,1.6476931652409377e-8,3.68307017994951e-7,0.9321480164769316,0.932148368307018,-3.518300863980528e-7,3.518300863980528e-7
I11,JOSE JOAQUIN PEREZ,I01,BARÓN DE JURAS REALES,0.402583,0.379776,0.37977596927116425,0.4025833200066329,-3.072883575372387e-8,3.2000663285902675e-7,0.7823589692711643,0.7823593200066329,-3.5073546855723947e-7,3.5073546855723947e-7
MET-L07,Diagonal Padre Hurtado - Vitacura,I01,BARÓN DE JURAS REALES,0.569592,0.379776,0.37977596927116425,0.5695916267390503,-3.072883575372387e-8,-3.7326094970424606e-7,0.9493679692711643,0.9493676267390503,3.4253211400603334e-7,3.4253211400603334e-7
C066,CUATRO PONIENTE,I14,LO OVALLE,0.419639,0.399958,0.39995832967740885,0.41963901647693164,3.296774088723531e-7,1.6476931652409377e-8,0.8195973296774088,0.8195970164769316,3.132004772199437e-7,3.132004772199437e-7
MET-L07,Diagonal Padre Hurtado - Vitacura,C068,SAN CARLOS,0.569592,0.360859,0.3608589378484915,0.5695916267390503,-6.21515084953117e-8,-3.7326094970424606e-7,0.9304509378484915,0.9304506267390502,3.1110944131995666e-7,3.1110944131995666e-7
C066,CUATRO PONIENTE,I11,JOSE JOAQUIN PEREZ,0.419639,0.402583,0.4025833200066329,0.41963901647693164,3.2000663285902675e-7,1.6476931652409377e-8,0.8222223200066329,0.8222220164769316,3.035297012621285e-7,3.035297012621285e-7
MET-L09,Rinconada Maipú - Cajon del Maipo,I14,LO OVALLE,0.478703,0.399958,0.39995832967740885,0.47870302688156474,3.296774088723531e-7,2.688156475194603e-8,0.8786613296774088,0.8786610268815647,3.027958441759182e-7,3.027958441759182e-7
MET-L02,Mapocho,I16,MATTA-VESPUCIO NORTE,0.512509,0.404011,0.4040110951205431,0.512509368307018,9.512054310878426e-8,3.68307017994951e-7,0.9165200951205431,0.916520368307018,-2.7318647488616676e-7,2.7318647488616676e-7
I16,MATTA-VESPUCIO NORTE,EP-ALAMEDA-T3,ALAMEDA TRAMO 3,0.404011,0.382805,0.38280482824427586,0.4040110951205431,-1.7175572414318552e-7,9.512054310878426e-8,0.7868158282442759,0.7868160951205432,-2.6687626730748093e-7,2.6687626730748093e-7
MET-L08,Central,MET-L09,Rinconada Maipú - Cajon del Maipo,0.51574,0.478703,0.47870302688156474,0.5157402908130178,2.688156475194603e-8,2.908130177781132e-7,0.9944430268815647,0.9944432908130177,-2.6393145302616716e-7,2.6393145302616716e-7
I26,SAN PABLO,C068,SAN CARLOS,0.448229,0.360859,0.3608589378484915,0.44822917686789615,-6.21515084953117e-8,1.7686789616222498e-7,0.8090879378484914,0.8090881768678961,-2.3901940471304783e-7,2.3901940471304783e-7
I16,MATTA-VESPUCIO NORTE,I14,LO OVALLE,0.404011,0.399958,0.39995832967740885,0.4040110951205431,3.296774088723531e-7,9.512054310878426e-8,0.8039693296774089,0.8039690951205432,2.3455686570805767e-7,2.3455686570805767e-7
I12,LAS REJAS - SUIZA - DEPARTAMENTAL,C068,SAN CARLOS,0.418101,0.360859,0.3608589378484915,0.41810116801331243,-6.21515084953117e-8,1.6801331242932704e-7,0.7789599378484915,0.7789601680133125,-2.301648209801499e-7,2.301648209801499e-7
I16,MATTA-VESPUCIO NORTE,I11,JOSE JOAQUIN PEREZ,0.404011,0.402583,0.4025833200066329,0.4040110951205431,3.2000663285902675e-7,9.512054310878426e-8,0.8065943200066329,0.8065940951205431,2.248860897502425e-7,2.248860897502425e-7
MET-L04,Radial,C068,SAN CARLOS,0.768011,0.360859,0.3608589378484915,0.7680107349117755,-6.21515084953117e-8,-2.650882244825681e-7,1.1288699378484914,1.1288697349117756,2.0293671587623408e-7,2.0293671587623408e-7
I12,LAS REJAS - SUIZA - DEPARTAMENTAL,I01,BARÓN DE JURAS REALES,0.418101,0.379776,0.37977596927116425,0.41810116801331243,-3.072883575372387e-8,1.6801331242932704e-7,0.7978769692711642,0.7978771680133124,-1.9874214818305092e-7,1.9874214818305092e-7
MET-L09,Rinconada Maipú - Cajon del Maipo,EP-ALAMEDA-T3,ALAMEDA TRAMO 3,0.478703,0.382805,0.38280482824427586,0.47870302688156474,-1.7175572414318552e-7,2.688156475194603e-8,0.8615078282442759,0.8615080268815647,-1.986372888396204e-7,1.986372888396204e-7
MET-L08,Central,I16,MATTA-VESPUCIO NORTE,0.51574,0.404011,0.4040110951205431,0.5157402908130178,9.512054310878426e-8,2.908130177781132e-7,0.9197510951205431,0.9197512908130178,-1.9569247466932893e-7,1.9569247466932893e-7
MET-L01,Rinconada - Santuario,I16,MATTA-VESPUCIO NORTE,0.591949,0.404011,0.4040110951205431,0.591948899720338,9.512054310878426e-8,-1.0027966190762072e-7,0.9959600951205431,0.995959899720338,1.9540020501640498e-7,1.9540020501640498e-7
I11,JOSE JOAQUIN PEREZ,I22,PEDRO FONTOVA,0.402583,0.372226,0.37222649178247563,0.4025833200066329,4.917824756311973e-7,3.2000663285902675e-7,0.7748094917824757,0.7748093200066328,1.717758428831928e-7,1.717758428831928e-7
I14,LO OVALLE,I22,PEDRO FONTOVA,0.399958,0.372226,0.37222649178247563,0.39995832967740885,4.917824756311973e-7,3.296774088723531e-7,0.7721844917824756,0.7721843296774089,1.6210506670333302e-7,1.6210506670333302e-7
I26,SAN PABLO,C066,CUATRO PONIENTE,0.448229,0.419639,0.41963901647693164,0.44822917686789615,1.6476931652409377e-8,1.7686789616222498e-7,0.8678680164769317,0.8678681768678962,-1.603909645098156e-7,1.603909645098156e-7
I16,MATTA-VESPUCIO NORTE,C068,SAN CARLOS,0.404011,0.360859,0.3608589378484915,0.4040110951205431,-6.21515084953117e-8,9.512054310878426e-8,0.7648699378484916,0.7648700951205432,-1.5727205160409596e-7,1.5727205160409596e-7
C066,CUATRO PONIENTE,I12,LAS REJAS - SUIZA - DEPARTAMENTAL,0.419639,0.418101,0.41810116801331243,0.41963901647693164,1.6801331242932704e-7,1.6476931652409377e-8,0.8377401680133124,0.8377400164769316,1.5153638077691767e-7,1.5153638077691767e-7
MET-L02,Mapocho,I22,PEDRO FONTOVA,0.512509,0.372226,0.37222649178247563,0.512509368307018,4.917824756311973e-7,3.68307017994951e-7,0.8847354917824757,0.884735368307018,1.2347545763624623e-7,1.2347545763624623e-7
EP-ALAMEDA-T3,ALAMEDA TRAMO 3,C068,SAN CARLOS,0.382805,0.360859,0.3608589378484915,0.38280482824427586,-6.21515084953117e-8,-1.7175572414318552e-7,0.7436639378484915,0.7436638282442758,1.0960421570338497e-7,1.0960421570338497e-7
I26,SAN PABLO,I16,MATTA-VESPUCIO NORTE,0.448229,0.404011,0.4040110951205431,0.44822917686789615,9.512054310878426e-8,1.7686789616222498e-7,0.8522400951205431,0.8522401768678962,-8.174735310895187e-8,8.174735310895187e-8
C066,CUATRO PONIENTE,I16,MATTA-VESPUCIO NORTE,0.419639,0.404011,0.4040110951205431,0.41963901647693164,9.512054310878426e-8,1.6476931652409377e-8,0.8236500951205431,0.8236500164769316,7.864361151188604e-8,7.864361151188604e-8
C066,CUATRO PONIENTE,C068,SAN CARLOS,0.419639,0.360859,0.3608589378484915,0.41963901647693164,-6.21515084953117e-8,1.6476931652409377e-8,0.7804979378484915,0.7804980164769316,-7.862844009220993e-8,7.862844009220993e-8
I12,LAS REJAS - SUIZA - DEPARTAMENTAL,I16,MATTA-VESPUCIO NORTE,0.418101,0.404011,0.4040110951205431,0.41810116801331243,9.512054310878426e-8,1.6801331242932704e-7,0.8221120951205432,0.8221121680133124,-7.289276926503163e-8,7.289276926503163e-8
MET-L01,Rinconada - Santuario,I01,BARÓN DE JURAS REALES,0.591949,0.379776,0.37977596927116425,0.591948899720338,-3.072883575372387e-8,-1.0027966190762072e-7,0.9717249692711643,0.971724899720338,6.9550826209408e-8,6.9550826209408e-8
C066,CUATRO PONIENTE,I01,BARÓN DE JURAS REALES,0.419639,0.379776,0.37977596927116425,0.41963901647693164,-3.072883575372387e-8,1.6476931652409377e-8,0.7994149692711643,0.7994150164769316,-4.7205767295110945e-8,4.7205767295110945e-8
MET-L06,Diagonal Norte - Sur,C066,CUATRO PONIENTE,0.571155,0.419639,0.41963901647693164,0.5711549782331566,1.6476931652409377e-8,-2.176684332777512e-8,0.9907940164769315,0.9907939782331566,3.8243774924673346e-8,3.8243774924673346e-8
MET-L01,Rinconada - Santuario,C068,SAN CARLOS,0.591949,0.360859,0.3608589378484915,0.591948899720338,-6.21515084953117e-8,-1.0027966190762072e-7,0.9528079378484915,0.952807899720338,3.812815352333132e-8,3.812815352333132e-8
I01,BARÓN DE JURAS REALES,C068,SAN CARLOS,0.379776,0.360859,0.3608589378484915,0.37977596927116425,-6.21515084953117e-8,-3.072883575372387e-8,0.7406349378484915,0.7406349692711642,-3.142267268607668e-8,3.142267268607668e-8
I22,PEDRO FONTOVA,I30,WALKER - HUALLE - AGUIRRE,0.372226,0.366998,0.3669984617404216,0.37222649178247563,4.6174042162006046e-7,4.917824756311973e-7,0.7392244617404216,0.7392244917824756,-3.004205406664795e-8,3.004205406664795e-8
