root,root_km,step,id,nombre,score,poblacion_marginal,poblacion_beneficiada,demanda_habilitada,ciclistas_inducidos,componentes_unidos,componentes_red,costo_mclp,grado_dendritico,score_dendritico,cum_poblacion_marginal,cum_demanda_habilitada,cum_ciclistas_inducidos,cum_costo_mclp
Alameda,4.41897628281,1,MET-L04,Radial,0.842182,100383,1498876,215330,931,12,131,5765,1,100,100383,215330,931,5765
Alameda,4.41897628281,2,MET-L03,Norte - Sur,0.814687,76016,1700993,210970,796,5,127,3775,1,100,176399,426300,1727,9540
Alameda,4.41897628281,3,MET-L06,Diagonal Norte - Sur,0.727346,62231,421086,96928,933,6,122,5163,1,100,238630,523228,2660,14703
Alameda,4.41897628281,4,MET-L01,Rinconada - Santuario,0.713665,32199,697709,75461,748,6,117,4415,1,100,270829,598689,3408,19118
Alameda,4.41897628281,5,MET-L02,Mapocho,0.671868,26036,81305,33377,574,4,114,3105,1,100,296865,632066,3982,22223
Alameda,4.41897628281,6,MET-L07,Diagonal Padre Hurtado - Vitacura,0.656319,59744,121130,49209,559,6,110,4787,1,100,356609,681275,4541,27010
Alameda,4.41897628281,7,MET-L09,Rinconada Maipú - Cajon del Maipo,0.654978,55040,93472,53794,369,4,107,3067,1,100,411649,735069,4910,30077
Alameda,4.41897628281,8,I16,MATTA-VESPUCIO NORTE,0.588541,34088,1338139,64275,127,2,106,990,1,100,445737,799344,5037,31067
Alameda,4.41897628281,9,MET-L05,Diagonal San Bdo - La Dehesa,0.59821,30883,363657,39375,679,3,104,5116,1,100,476620,838719,5716,36183
Alameda,4.41897628281,10,I26,SAN PABLO,0.579348,32881,38409,22657,156,1,104,883,1,100,509501,861376,5872,37066
Ruta G-690,5.47737132033,1,MET-L04,Radial,0.559163,100383,1498876,215330,931,12,131,5765,,0,100383,215330,931,5765
Ruta G-690,5.47737132033,2,MET-L03,Norte - Sur,0.814687,76016,1700993,210970,796,5,127,3775,1,100,176399,426300,1727,9540
Ruta G-690,5.47737132033,3,MET-L06,Diagonal Norte - Sur,0.727346,62231,421086,96928,933,6,122,5163,1,100,238630,523228,2660,14703
Ruta G-690,5.47737132033,4,MET-L01,Rinconada - Santuario,0.713665,32199,697709,75461,748,6,117,4415,1,100,270829,598689,3408,19118
Ruta G-690,5.47737132033,5,MET-L02,Mapocho,0.671868,26036,81305,33377,574,4,114,3105,1,100,296865,632066,3982,22223
Ruta G-690,5.47737132033,6,MET-L07,Diagonal Padre Hurtado - Vitacura,0.656319,59744,121130,49209,559,6,110,4787,1,100,356609,681275,4541,27010
Ruta G-690,5.47737132033,7,MET-L09,Rinconada Maipú - Cajon del Maipo,0.654978,55040,93472,53794,369,4,107,3067,1,100,411649,735069,4910,30077
Ruta G-690,5.47737132033,8,I16,MATTA-VESPUCIO NORTE,0.588541,34088,1338139,64275,127,2,106,990,1,100,445737,799344,5037,31067
Ruta G-690,5.47737132033,9,MET-L05,Diagonal San Bdo - La Dehesa,0.59821,30883,363657,39375,679,3,104,5116,1,100,476620,838719,5716,36183
Ruta G-690,5.47737132033,10,I26,SAN PABLO,0.579348,32881,38409,22657,156,1,104,883,1,100,509501,861376,5872,37066
Bollenar,10.89157118951,1,MET-L04,Radial,0.559163,100383,1498876,215330,931,12,131,5765,,0,100383,215330,931,5765
Bollenar,10.89157118951,2,MET-L03,Norte - Sur,0.814687,76016,1700993,210970,796,5,127,3775,1,100,176399,426300,1727,9540
Bollenar,10.89157118951,3,MET-L06,Diagonal Norte - Sur,0.727346,62231,421086,96928,933,6,122,5163,1,100,238630,523228,2660,14703
Bollenar,10.89157118951,4,MET-L01,Rinconada - Santuario,0.713665,32199,697709,75461,748,6,117,4415,1,100,270829,598689,3408,19118
Bollenar,10.89157118951,5,MET-L02,Mapocho,0.671868,26036,81305,33377,574,4,114,3105,1,100,296865,632066,3982,22223
Bollenar,10.89157118951,6,MET-L07,Diagonal Padre Hurtado - Vitacura,0.656319,59744,121130,49209,559,6,110,4787,1,100,356609,681275,4541,27010
Bollenar,10.89157118951,7,MET-L09,Rinconada Maipú - Cajon del Maipo,0.654978,55040,93472,53794,369,4,107,3067,1,100,411649,735069,4910,30077
Bollenar,10.89157118951,8,I16,MATTA-VESPUCIO NORTE,0.588541,34088,1338139,64275,127,2,106,990,1,100,445737,799344,5037,31067
Bollenar,10.89157118951,9,MET-L05,Diagonal San Bdo - La Dehesa,0.59821,30883,363657,39375,679,3,104,5116,1,100,476620,838719,5716,36183
Bollenar,10.89157118951,10,I26,SAN PABLO,0.579348,32881,38409,22657,156,1,104,883,1,100,509501,861376,5872,37066
Paine - Aculeo,16.11187612251,1,MET-L04,Radial,0.559163,100383,1498876,215330,931,12,131,5765,,0,100383,215330,931,5765
Paine - Aculeo,16.11187612251,2,MET-L03,Norte - Sur,0.814687,76016,1700993,210970,796,5,127,3775,1,100,176399,426300,1727,9540
Paine - Aculeo,16.11187612251,3,MET-L06,Diagonal Norte - Sur,0.727346,62231,421086,96928,933,6,122,5163,1,100,238630,523228,2660,14703
Paine - Aculeo,16.11187612251,4,MET-L01,Rinconada - Santuario,0.713665,32199,697709,75461,748,6,117,4415,1,100,270829,598689,3408,19118
Paine - Aculeo,16.11187612251,5,MET-L02,Mapocho,0.671868,26036,81305,33377,574,4,114,3105,1,100,296865,632066,3982,22223
Paine - Aculeo,16.11187612251,6,MET-L07,Diagonal Padre Hurtado - Vitacura,0.656319,59744,121130,49209,559,6,110,4787,1,100,356609,681275,4541,27010
Paine - Aculeo,16.11187612251,7,MET-L09,Rinconada Maipú - Cajon del Maipo,0.654978,55040,93472,53794,369,4,107,3067,1,100,411649,735069,4910,30077
Paine - Aculeo,16.11187612251,8,I16,MATTA-VESPUCIO NORTE,0.588541,34088,1338139,64275,127,2,106,990,1,100,445737,799344,5037,31067
Paine - Aculeo,16.11187612251,9,MET-L05,Diagonal San Bdo - La Dehesa,0.59821,30883,363657,39375,679,3,104,5116,1,100,476620,838719,5716,36183
Paine - Aculeo,16.11187612251,10,I26,SAN PABLO,0.579348,32881,38409,22657,156,1,104,883,1,100,509501,861376,5872,37066
Andrés Bello,1.09593213512,1,MET-L04,Radial,0.842182,100383,1498876,215330,931,12,131,5765,1,100,100383,215330,931,5765
Andrés Bello,1.09593213512,2,MET-L03,Norte - Sur,0.814687,76016,1700993,210970,796,5,127,3775,1,100,176399,426300,1727,9540
Andrés Bello,1.09593213512,3,MET-L06,Diagonal Norte - Sur,0.727346,62231,421086,96928,933,6,122,5163,1,100,238630,523228,2660,14703
Andrés Bello,1.09593213512,4,MET-L01,Rinconada - Santuario,0.713665,32199,697709,75461,748,6,117,4415,1,100,270829,598689,3408,19118
Andrés Bello,1.09593213512,5,MET-L02,Mapocho,0.671868,26036,81305,33377,574,4,114,3105,1,100,296865,632066,3982,22223
Andrés Bello,1.09593213512,6,MET-L07,Diagonal Padre Hurtado - Vitacura,0.656319,59744,121130,49209,559,6,110,4787,1,100,356609,681275,4541,27010
Andrés Bello,1.09593213512,7,MET-L09,Rinconada Maipú - Cajon del Maipo,0.654978,55040,93472,53794,369,4,107,3067,1,100,411649,735069,4910,30077
Andrés Bello,1.09593213512,8,I16,MATTA-VESPUCIO NORTE,0.588541,34088,1338139,64275,127,2,106,990,1,100,445737,799344,5037,31067
Andrés Bello,1.09593213512,9,MET-L05,Diagonal San Bdo - La Dehesa,0.59821,30883,363657,39375,679,3,104,5116,1,100,476620,838719,5716,36183
Andrés Bello,1.09593213512,10,I26,SAN PABLO,0.579348,32881,38409,22657,156,1,104,883,1,100,509501,861376,5872,37066
Quilamuta,1.28663831093,1,MET-L04,Radial,0.559163,100383,1498876,215330,931,12,131,5765,,0,100383,215330,931,5765
Quilamuta,1.28663831093,2,MET-L03,Norte - Sur,0.814687,76016,1700993,210970,796,5,127,3775,1,100,176399,426300,1727,9540
Quilamuta,1.28663831093,3,MET-L06,Diagonal Norte - Sur,0.727346,62231,421086,96928,933,6,122,5163,1,100,238630,523228,2660,14703
Quilamuta,1.28663831093,4,MET-L01,Rinconada - Santuario,0.713665,32199,697709,75461,748,6,117,4415,1,100,270829,598689,3408,19118
Quilamuta,1.28663831093,5,MET-L02,Mapocho,0.671868,26036,81305,33377,574,4,114,3105,1,100,296865,632066,3982,22223
Quilamuta,1.28663831093,6,MET-L07,Diagonal Padre Hurtado - Vitacura,0.656319,59744,121130,49209,559,6,110,4787,1,100,356609,681275,4541,27010
Quilamuta,1.28663831093,7,MET-L09,Rinconada Maipú - Cajon del Maipo,0.654978,55040,93472,53794,369,4,107,3067,1,100,411649,735069,4910,30077
Quilamuta,1.28663831093,8,I16,MATTA-VESPUCIO NORTE,0.588541,34088,1338139,64275,127,2,106,990,1,100,445737,799344,5037,31067
Quilamuta,1.28663831093,9,MET-L05,Diagonal San Bdo - La Dehesa,0.59821,30883,363657,39375,679,3,104,5116,1,100,476620,838719,5716,36183
Quilamuta,1.28663831093,10,I26,SAN PABLO,0.579348,32881,38409,22657,156,1,104,883,1,100,509501,861376,5872,37066
