step,best_population_scenario,best_population_label,best_population_share,best_demand_scenario,best_demand_label,best_demand_share,best_components_scenario,best_components_label,best_components_share,best_joint_pd_scenario,best_joint_pd_label,best_joint_pd_index,best_joint_pdc_scenario,best_joint_pdc_label,best_joint_pdc_index
1,equidad,Equidad,0.08299551632268481,demanda,Demanda,0.06681743963630897,ponderacion_rmc,RMC,0.05714285714285714,demanda,Demanda,0.07044696020390735,demanda,Demanda,0.06601225918355728
2,balanceado,Balanceado,0.15707199709419054,continuidad,Continuidad,0.10995373557679068,continuidad,Continuidad,0.14285714285714285,demanda,Demanda,0.12912354268031706,continuidad,Continuidad,0.11641858684234979
3,educacion,Educación,0.2138685754369128,integracion,Integración,0.17265625717144456,continuidad,Continuidad,0.2,demanda,Demanda,0.17346568676270074,integracion,Integración,0.1674532680496319
4,educacion,Educación,0.26895732425601115,demanda,Demanda,0.23909678500164658,continuidad,Continuidad,0.2571428571428571,demanda,Demanda,0.2250855923601981,continuidad,Continuidad,0.21785967237683476
5,balanceado,Balanceado,0.315795173757075,demanda,Demanda,0.32420433982896335,continuidad,Continuidad,0.3142857142857143,demanda,Demanda,0.2972756270779518,demanda,Demanda,0.2743742275757774
6,balanceado,Balanceado,0.3431970901917268,demanda,Demanda,0.37386991987460827,continuidad,Continuidad,0.37142857142857144,equidad,Equidad,0.33734588573066626,demanda,Demanda,0.31552040467935605
7,equidad,Equidad,0.4005651666091836,demanda,Demanda,0.43586354243042813,continuidad,Continuidad,0.37142857142857144,equidad,Equidad,0.4094348487378451,equidad,Equidad,0.3777184705871348
8,educacion,Educación,0.4665007156222248,demanda,Demanda,0.45685013006176645,demanda,Demanda,0.4,ponderacion_rmc,RMC,0.44670545255467786,equidad,Equidad,0.41122830322350595
9,educacion,Educación,0.5107793201005704,continuidad,Continuidad,0.5748343109446571,continuidad,Continuidad,0.4857142857142857,educacion,Educación,0.4950920393634788,continuidad,Continuidad,0.466713361278964
10,educacion,Educación,0.5700518347087609,continuidad,Continuidad,0.6269907930126034,continuidad,Continuidad,0.5428571428571428,educacion,Educación,0.5672779115896864,continuidad,Continuidad,0.5086898390566431
11,educacion,Educación,0.5996031170804612,integracion,Integración,0.6614102846547151,continuidad,Continuidad,0.5428571428571428,educacion,Educación,0.6075592256750492,demanda,Demanda,0.5457267962951996
12,educacion,Educación,0.6473906864141745,continuidad,Continuidad,0.6900811463295973,continuidad,Continuidad,0.5428571428571428,educacion,Educación,0.6417689899268111,continuidad,Continuidad,0.5789304397365167
13,educacion,Educación,0.658642367168352,balanceado,Balanceado,0.7224349434487918,intermodal,Intermodal,0.5714285714285714,educacion,Educación,0.683737416521875,balanceado,Balanceado,0.6087044369038005
14,educacion,Educación,0.6828035729459809,demanda,Demanda,0.751566535744324,continuidad,Continuidad,0.5714285714285714,educacion,Educación,0.7103370392291201,demanda,Demanda,0.6264687029281876
15,educacion,Educación,0.7238314697164336,ponderacion_rmc,RMC,0.7734589695368159,balanceado,Balanceado,0.5714285714285714,educacion,Educación,0.7390493830466526,ponderacion_rmc,RMC,0.6555164312018338
16,educacion,Educación,0.7238314697164336,educacion,Educación,0.7927957388997512,balanceado,Balanceado,0.5714285714285714,educacion,Educación,0.7583136043080925,balanceado,Balanceado,0.6686035907981962
17,educacion,Educación,0.7508551643931707,educacion,Educación,0.8031340933917146,continuidad,Continuidad,0.6,educacion,Educación,0.7769946288924426,demanda,Demanda,0.6885551021474048
18,educacion,Educación,0.7543857895254233,educacion,Educación,0.8136135819128136,continuidad,Continuidad,0.6,educacion,Educación,0.7839996857191185,demanda,Demanda,0.7054733721974816
19,balanceado,Balanceado,0.7615520088240636,demanda,Demanda,0.8208016210962824,ponderacion_rmc,RMC,0.6,demanda,Demanda,0.791176814960173,demanda,Demanda,0.7179274004496392
20,demanda,Demanda,0.7837937808346538,demanda,Demanda,0.8374669682126059,continuidad,Continuidad,0.6285714285714286,demanda,Demanda,0.8106303745236298,ponderacion_rmc,RMC,0.7332201892860253
21,demanda,Demanda,0.7931643498501275,demanda,Demanda,0.8516527081189064,continuidad,Continuidad,0.6571428571428571,demanda,Demanda,0.8224085289845169,demanda,Demanda,0.7482723526563446
22,demanda,Demanda,0.8004605308100777,demanda,Demanda,0.8737282116421058,continuidad,Continuidad,0.6857142857142857,demanda,Demanda,0.8370943712260918,demanda,Demanda,0.7675867236745374
23,demanda,Demanda,0.8168840192143317,demanda,Demanda,0.8803202261824031,continuidad,Continuidad,0.7142857142857143,demanda,Demanda,0.8486021226983674,fractal_alameda,Fractal,0.7757278355470435
24,educacion,Educación,0.8236520226533173,demanda,Demanda,0.8867148818887699,continuidad,Continuidad,0.7428571428571429,demanda,Demanda,0.8517994505515508,integracion,Integración,0.7872457685168918
25,educacion,Educación,0.8308182419519575,demanda,Demanda,0.8958002728600623,continuidad,Continuidad,0.7428571428571429,demanda,Demanda,0.8604226089672993,integracion,Integración,0.7983894576163229
26,educacion,Educación,0.8432712349856792,demanda,Demanda,0.9006332694211994,balanceado,Balanceado,0.7428571428571429,educacion,Educación,0.8667155475454378,balanceado,Balanceado,0.8089087525550518
27,educacion,Educación,0.8514321608458838,demanda,Demanda,0.9062017718692521,continuidad,Continuidad,0.7714285714285715,educacion,Educación,0.8753386903238957,balanceado,Balanceado,0.8219466254626501
28,educacion,Educación,0.8614508719927622,integracion,Integración,0.9141755936808673,fractal_alameda,Fractal,0.7714285714285715,educacion,Educación,0.8823061371226995,integracion,Integración,0.8334646483271732
29,educacion,Educación,0.8787374391221257,integracion,Integración,0.9205839965485272,fractal_alameda,Fractal,0.8,educacion,Educación,0.8942247628513446,integracion,Integración,0.8468363094058314
30,educacion,Educación,0.8874048822264099,integracion,Integración,0.9315637650428221,fractal_alameda,Fractal,0.8285714285714286,educacion,Educación,0.9001803783074145,integracion,Integración,0.8600200417610727
31,educacion,Educación,0.8954091876229846,integracion,Integración,0.9376428551758323,fractal_alameda,Fractal,0.8571428571428571,educacion,Educación,0.9058428638525244,continuidad,Continuidad,0.8705298771036126
32,educacion,Educación,0.8954091876229846,integracion,Integración,0.9408866429836881,fractal_alameda,Fractal,0.8571428571428571,educacion,Educación,0.9090401806995673,continuidad,Continuidad,0.8840240969314688
33,educacion,Educación,0.8954358464253045,integracion,Integración,0.9438447204398792,continuidad,Continuidad,0.8857142857142857,educacion,Educación,0.9114700000629996,continuidad,Continuidad,0.8942730829301863
34,educacion,Educación,0.9092984236316953,demanda,Demanda,0.948687850613132,continuidad,Continuidad,0.8857142857142857,educacion,Educación,0.9211855303060119,continuidad,Continuidad,0.8980480732935927
35,educacion,Educación,0.9163313489187357,demanda,Demanda,0.9526040465445567,continuidad,Continuidad,0.8857142857142857,educacion,Educación,0.9261454613125609,continuidad,Continuidad,0.9026930378261286
36,educacion,Educación,0.9214665007156222,demanda,Demanda,0.9591547534219382,continuidad,Continuidad,0.8857142857142857,demanda,Demanda,0.9340932945152169,continuidad,Continuidad,0.9106387883118919
37,educacion,Educación,0.9214665007156222,integracion,Integración,0.9605191896382379,continuidad,Continuidad,0.8857142857142857,educacion,Educación,0.9374071228919816,continuidad,Continuidad,0.9139287735553413
38,demanda,Demanda,0.9224312161245766,integracion,Integración,0.9653946245146366,continuidad,Continuidad,0.9428571428571428,demanda,Demanda,0.9435623193412309,continuidad,Continuidad,0.9329763926029603
39,demanda,Demanda,0.9294641414116169,integracion,Integración,0.9692098330258218,continuidad,Continuidad,0.9714285714285714,demanda,Demanda,0.9485222553166386,continuidad,Continuidad,0.9438721472826216
40,integracion,Integración,0.9360905199632775,integracion,Integración,0.9747484830960446,continuidad,Continuidad,0.9714285714285714,integracion,Integración,0.955419501529661,continuidad,Continuidad,0.9455815470959085
41,integracion,Integración,0.9444630500668969,integracion,Integración,0.9780748859453455,continuidad,Continuidad,0.9714285714285714,integracion,Integración,0.9612689680061213,continuidad,Continuidad,0.9518942239580097
42,educacion,Educación,0.9444630500668969,integracion,Integración,0.9821620356346212,continuidad,Continuidad,0.9714285714285714,integracion,Integración,0.9633125428507591,continuidad,Continuidad,0.9576703665947165
43,demanda,Demanda,0.9461958722176957,integracion,Integración,0.9833656908912327,continuidad,Continuidad,1.0,integracion,Integración,0.9639143704790648,continuidad,Continuidad,0.9675953945373964
44,educacion,Educación,0.9528222507693563,integracion,Integración,0.9867988048357338,continuidad,Continuidad,1.0,integracion,Integración,0.9698105278025451,continuidad,Continuidad,0.9675953945373964
45,educacion,Educación,0.9528222507693563,integracion,Integración,0.990914640303289,continuidad,Continuidad,1.0,integracion,Integración,0.9718684455363227,continuidad,Continuidad,0.9714950388550366
46,educacion,Educación,0.9528222507693563,integracion,Integración,0.990914640303289,continuidad,Continuidad,1.0,integracion,Integración,0.9718684455363227,continuidad,Continuidad,0.9759358401512196
47,balanceado,Balanceado,0.9528222507693563,demanda,Demanda,0.9909169038988697,continuidad,Continuidad,1.0,integracion,Integración,0.9718684455363227,continuidad,Continuidad,0.9759358401512196
48,balanceado,Balanceado,0.9528222507693563,demanda,Demanda,0.9928136140877489,continuidad,Continuidad,1.0285714285714285,demanda,Demanda,0.9728179324285526,continuidad,Continuidad,0.9868220329047878
49,balanceado,Balanceado,0.9528222507693563,demanda,Demanda,0.9940172734877093,continuidad,Continuidad,1.0285714285714285,demanda,Demanda,0.9734197621285328,continuidad,Continuidad,0.9868220329047878
50,integracion,Integración,0.9568477299196737,demanda,Demanda,0.9940172734877093,continuidad,Continuidad,1.0285714285714285,integracion,Integración,0.9746809446099163,continuidad,Continuidad,0.9868220329047878
51,integracion,Integración,0.9568477299196737,integracion,Integración,0.9956168130788791,continuidad,Continuidad,1.0285714285714285,integracion,Integración,0.9762322714992764,continuidad,Continuidad,0.9868220329047878
52,demanda,Demanda,0.9573525809886083,demanda,Demanda,0.9958692337084298,continuidad,Continuidad,1.0285714285714285,demanda,Demanda,0.9766109073485191,integracion,Integración,0.9936786571899937
53,demanda,Demanda,0.9613780601389257,demanda,Demanda,0.9974687582113323,continuidad,Continuidad,1.0285714285714285,demanda,Demanda,0.979423409175129,integracion,Integración,0.9936786571899937
54,demanda,Demanda,0.963922309585339,demanda,Demanda,0.9994733272978248,continuidad,Continuidad,1.0285714285714285,demanda,Demanda,0.9816978184415819,integracion,Integración,0.9936786571899937
55,demanda,Demanda,0.963922309585339,demanda,Demanda,0.9994733272978248,continuidad,Continuidad,1.0285714285714285,demanda,Demanda,0.9816978184415819,integracion,Integración,0.9936786571899937
56,demanda,Demanda,0.963922309585339,demanda,Demanda,0.9994733272978248,continuidad,Continuidad,1.0285714285714285,demanda,Demanda,0.9816978184415819,integracion,Integración,0.9936786571899937
57,demanda,Demanda,0.963922309585339,demanda,Demanda,0.9994733272978248,continuidad,Continuidad,1.0285714285714285,demanda,Demanda,0.9816978184415819,integracion,Integración,0.9936786571899937
58,demanda,Demanda,0.963922309585339,demanda,Demanda,0.9994733272978248,continuidad,Continuidad,1.0285714285714285,demanda,Demanda,0.9816978184415819,integracion,Integración,0.9936786571899937
59,demanda,Demanda,0.963922309585339,demanda,Demanda,0.9994733272978248,balanceado,Balanceado,1.0285714285714285,demanda,Demanda,0.9816978184415819,integracion,Integración,0.9936786571899937
60,demanda,Demanda,0.963922309585339,demanda,Demanda,0.9994733272978248,balanceado,Balanceado,1.0285714285714285,demanda,Demanda,0.9816978184415819,integracion,Integración,0.9936786571899937
61,demanda,Demanda,0.963922309585339,demanda,Demanda,0.9994733272978248,balanceado,Balanceado,1.0285714285714285,demanda,Demanda,0.9816978184415819,integracion,Integración,0.9936786571899937
62,demanda,Demanda,0.963922309585339,demanda,Demanda,0.9994733272978248,balanceado,Balanceado,1.0285714285714285,demanda,Demanda,0.9816978184415819,integracion,Integración,0.9936786571899937
63,demanda,Demanda,0.963922309585339,demanda,Demanda,0.9994733272978248,balanceado,Balanceado,1.0285714285714285,demanda,Demanda,0.9816978184415819,educacion,Educación,0.9947718672854143
64,demanda,Demanda,0.963922309585339,demanda,Demanda,0.9994733272978248,balanceado,Balanceado,1.0285714285714285,demanda,Demanda,0.9816978184415819,educacion,Educación,0.9965115044231484
65,demanda,Demanda,0.963922309585339,demanda,Demanda,0.9994733272978248,balanceado,Balanceado,1.0285714285714285,demanda,Demanda,0.9816978184415819,educacion,Educación,0.9965115044231484
66,demanda,Demanda,0.963922309585339,demanda,Demanda,0.9994733272978248,balanceado,Balanceado,1.0285714285714285,demanda,Demanda,0.9816978184415819,educacion,Educación,0.9965115044231484
67,demanda,Demanda,0.963922309585339,demanda,Demanda,0.9994733272978248,balanceado,Balanceado,1.0285714285714285,demanda,Demanda,0.9816978184415819,demanda,Demanda,0.9973223551515308
68,demanda,Demanda,0.963922309585339,demanda,Demanda,0.9994733272978248,balanceado,Balanceado,1.0285714285714285,demanda,Demanda,0.9816978184415819,demanda,Demanda,0.9973223551515308
69,educacion,Educación,0.9871987763609735,demanda,Demanda,0.9994733272978248,balanceado,Balanceado,1.0285714285714285,educacion,Educación,0.9921197757368256,demanda,Demanda,0.9973223551515308
70,educacion,Educación,0.9871987763609735,demanda,Demanda,0.9994733272978248,balanceado,Balanceado,1.0285714285714285,educacion,Educación,0.9921197757368256,demanda,Demanda,0.9973223551515308
71,educacion,Educación,0.9871987763609735,demanda,Demanda,0.9994733272978248,balanceado,Balanceado,1.0285714285714285,educacion,Educación,0.9921197757368256,demanda,Demanda,0.9973223551515308
72,educacion,Educación,0.9871987763609735,demanda,Demanda,0.9994733272978248,balanceado,Balanceado,1.0285714285714285,educacion,Educación,0.9921197757368256,demanda,Demanda,0.9973223551515308
73,educacion,Educación,0.9871987763609735,demanda,Demanda,0.9994733272978248,balanceado,Balanceado,1.0285714285714285,educacion,Educación,0.9921197757368256,demanda,Demanda,0.9973223551515308
74,educacion,Educación,0.9871987763609735,demanda,Demanda,0.9994733272978248,balanceado,Balanceado,1.0285714285714285,educacion,Educación,0.9921197757368256,demanda,Demanda,0.9973223551515308
75,educacion,Educación,0.9871987763609735,demanda,Demanda,0.9994733272978248,balanceado,Balanceado,1.0285714285714285,educacion,Educación,0.9921197757368256,demanda,Demanda,0.9973223551515308
76,educacion,Educación,0.9871987763609735,demanda,Demanda,0.9994733272978248,balanceado,Balanceado,1.0285714285714285,educacion,Educación,0.9921197757368256,demanda,Demanda,0.9973223551515308
77,educacion,Educación,0.9871987763609735,demanda,Demanda,0.9994733272978248,balanceado,Balanceado,1.0285714285714285,educacion,Educación,0.9921197757368256,demanda,Demanda,0.9973223551515308
78,educacion,Educación,0.9871987763609735,intermodal,Intermodal,0.9994733291107868,balanceado,Balanceado,1.0285714285714285,educacion,Educación,0.9921197757368256,demanda,Demanda,0.9973223551515308
79,educacion,Educación,0.9871987763609735,continuidad,Continuidad,0.9994733291107868,balanceado,Balanceado,1.0285714285714285,educacion,Educación,0.9921197757368256,continuidad,Continuidad,0.9973223557558514
80,educacion,Educación,0.9871987763609735,continuidad,Continuidad,0.9994733291107868,balanceado,Balanceado,1.0285714285714285,educacion,Educación,0.9921197757368256,continuidad,Continuidad,0.9973223557558514
81,educacion,Educación,0.9871987763609735,continuidad,Continuidad,0.9994733291107868,balanceado,Balanceado,1.0285714285714285,educacion,Educación,0.9933360527358801,continuidad,Continuidad,0.9973223557558514
82,educacion,Educación,0.9871987763609735,continuidad,Continuidad,0.9994733291107868,balanceado,Balanceado,1.0285714285714285,educacion,Educación,0.9933360527358801,continuidad,Continuidad,0.9973223557558514
83,educacion,Educación,0.9871987763609735,continuidad,Continuidad,0.9994733291107868,balanceado,Balanceado,1.0285714285714285,educacion,Educación,0.9933360527358801,continuidad,Continuidad,0.9973223557558514
84,educacion,Educación,0.9871987763609735,continuidad,Continuidad,0.9994733291107868,balanceado,Balanceado,1.0285714285714285,educacion,Educación,0.9933360527358801,continuidad,Continuidad,0.9973223557558514
85,educacion,Educación,0.9871987763609735,continuidad,Continuidad,0.9994733291107868,balanceado,Balanceado,1.0285714285714285,educacion,Educación,0.9933360527358801,continuidad,Continuidad,0.9973223557558514
86,educacion,Educación,0.9871987763609735,continuidad,Continuidad,0.9994733291107868,balanceado,Balanceado,1.0285714285714285,educacion,Educación,0.9933360527358801,continuidad,Continuidad,0.9973223557558514
87,educacion,Educación,0.9871987763609735,continuidad,Continuidad,0.9994733291107868,balanceado,Balanceado,1.0285714285714285,educacion,Educación,0.9933360527358801,continuidad,Continuidad,0.9973223557558514
88,educacion,Educación,0.9871987763609735,continuidad,Continuidad,0.9994733291107868,balanceado,Balanceado,1.0285714285714285,educacion,Educación,0.9933360527358801,continuidad,Continuidad,0.9973223557558514
89,educacion,Educación,0.9871987763609735,continuidad,Continuidad,0.9994733291107868,balanceado,Balanceado,1.0285714285714285,educacion,Educación,0.9933360527358801,continuidad,Continuidad,0.9973223557558514
90,educacion,Educación,0.9871987763609735,continuidad,Continuidad,0.9994733291107868,balanceado,Balanceado,1.0285714285714285,educacion,Educación,0.9933360527358801,continuidad,Continuidad,0.9973223557558514
91,educacion,Educación,0.9871987763609735,continuidad,Continuidad,0.9994733291107868,balanceado,Balanceado,1.0285714285714285,educacion,Educación,0.9933360527358801,continuidad,Continuidad,0.9973223557558514
92,educacion,Educación,0.9871987763609735,continuidad,Continuidad,0.9994733291107868,balanceado,Balanceado,1.0285714285714285,educacion,Educación,0.9933360527358801,continuidad,Continuidad,0.9973223557558514
93,educacion,Educación,0.9871987763609735,continuidad,Continuidad,0.9994733291107868,balanceado,Balanceado,1.0285714285714285,educacion,Educación,0.9933360527358801,continuidad,Continuidad,0.9973223557558514
94,educacion,Educación,0.9871987763609735,continuidad,Continuidad,0.9994733291107868,balanceado,Balanceado,1.0285714285714285,educacion,Educación,0.9933360527358801,continuidad,Continuidad,0.9973223557558514
95,educacion,Educación,0.9871987763609735,continuidad,Continuidad,0.9994733291107868,balanceado,Balanceado,1.0285714285714285,educacion,Educación,0.9933360527358801,continuidad,Continuidad,0.9973223557558514
96,ciclistas_biogeme,Logit,0.9871987763609735,continuidad,Continuidad,0.9994733291107868,balanceado,Balanceado,1.0285714285714285,educacion,Educación,0.9933360527358801,continuidad,Continuidad,0.9973223557558514
97,ciclistas_biogeme,Logit,0.9871987763609735,continuidad,Continuidad,0.9994733291107868,balanceado,Balanceado,1.0285714285714285,educacion,Educación,0.9933360527358801,continuidad,Continuidad,0.9973223557558514
98,ciclistas_biogeme,Logit,0.9871987763609735,continuidad,Continuidad,0.9994733291107868,balanceado,Balanceado,1.0285714285714285,educacion,Educación,0.9933360527358801,continuidad,Continuidad,0.9973223557558514
99,ciclistas_biogeme,Logit,0.9871987763609735,continuidad,Continuidad,0.9994733291107868,balanceado,Balanceado,1.0285714285714285,educacion,Educación,0.9933360527358801,continuidad,Continuidad,0.9973223557558514
100,ciclistas_biogeme,Logit,0.9871987763609735,continuidad,Continuidad,0.9994733291107868,balanceado,Balanceado,1.0285714285714285,educacion,Educación,0.9933360527358801,continuidad,Continuidad,0.9973223557558514
101,ciclistas_biogeme,Logit,0.9871987763609735,continuidad,Continuidad,0.9994733291107868,balanceado,Balanceado,1.0285714285714285,educacion,Educación,0.9933360527358801,continuidad,Continuidad,0.9973223557558514
102,ciclistas_biogeme,Logit,0.9871987763609735,continuidad,Continuidad,0.9994733291107868,balanceado,Balanceado,1.0285714285714285,educacion,Educación,0.9933360527358801,continuidad,Continuidad,0.9973223557558514
103,ciclistas_biogeme,Logit,0.9871987763609735,continuidad,Continuidad,0.9994733291107868,balanceado,Balanceado,1.0285714285714285,educacion,Educación,0.9933360527358801,continuidad,Continuidad,0.9973223557558514
104,ciclistas_biogeme,Logit,0.9871987763609735,continuidad,Continuidad,0.9994733291107868,balanceado,Balanceado,1.0285714285714285,educacion,Educación,0.9933360527358801,continuidad,Continuidad,0.9973223557558514
105,ciclistas_biogeme,Logit,0.9871987763609735,continuidad,Continuidad,0.9994733291107868,balanceado,Balanceado,1.0285714285714285,educacion,Educación,0.9933360527358801,continuidad,Continuidad,0.9973223557558514
106,ciclistas_biogeme,Logit,0.9871987763609735,continuidad,Continuidad,0.9994733291107868,balanceado,Balanceado,1.0285714285714285,educacion,Educación,0.9933360527358801,continuidad,Continuidad,0.9973223557558514
107,ciclistas_biogeme,Logit,0.9871987763609735,continuidad,Continuidad,0.9994733291107868,balanceado,Balanceado,1.0285714285714285,educacion,Educación,0.9933360527358801,continuidad,Continuidad,0.9973223557558514
108,ciclistas_biogeme,Logit,0.9871987763609735,continuidad,Continuidad,0.9994733291107868,balanceado,Balanceado,1.0285714285714285,educacion,Educación,0.9933360527358801,continuidad,Continuidad,0.9973223557558514
109,demanda,Demanda,0.9871987763609735,continuidad,Continuidad,0.9994733291107868,ponderacion_rmc,RMC,1.0285714285714285,educacion,Educación,0.9933360527358801,continuidad,Continuidad,0.9973223557558514
110,demanda,Demanda,0.9871987763609735,continuidad,Continuidad,0.9994733291107868,ponderacion_rmc,RMC,1.0285714285714285,educacion,Educación,0.9933360527358801,continuidad,Continuidad,0.9973223557558514
111,demanda,Demanda,0.9871987763609735,continuidad,Continuidad,0.9994733291107868,ponderacion_rmc,RMC,1.0285714285714285,educacion,Educación,0.9933360527358801,continuidad,Continuidad,0.9973223557558514
112,ponderacion_rmc,RMC,0.9871987763609735,continuidad,Continuidad,0.9997028153370234,continuidad,Continuidad,1.0571428571428572,educacion,Educación,0.9933360527358801,continuidad,Continuidad,1.0071448173744064
113,eficiencia,Eficiencia,0.9882951196063828,continuidad,Continuidad,0.9997028153370234,continuidad,Continuidad,1.0571428571428572,educacion,Educación,0.9933360527358801,continuidad,Continuidad,1.0071448173744064
114,eficiencia,Eficiencia,0.9882951196063828,continuidad,Continuidad,0.9997028153370234,continuidad,Continuidad,1.0571428571428572,educacion,Educación,0.9933360527358801,continuidad,Continuidad,1.0071448173744064
115,equidad,Equidad,0.9944216456145437,continuidad,Continuidad,0.9997028153370234,continuidad,Continuidad,1.0571428571428572,educacion,Educación,0.9933360527358801,continuidad,Continuidad,1.0071448173744064
116,equidad,Equidad,0.9944216456145437,ponderacion_rmc,RMC,0.9998508337817882,continuidad,Continuidad,1.0571428571428572,seguridad,Seguridad,0.995082204287839,continuidad,Continuidad,1.0071448173744064
117,equidad,Equidad,0.9959278679456227,continuidad,Continuidad,0.9998508339529462,continuidad,Continuidad,1.0571428571428572,equidad,Equidad,0.9951469873135035,continuidad,Continuidad,1.007337447975517
118,equidad,Equidad,0.9959278679456227,continuidad,Continuidad,0.9998508339529462,continuidad,Continuidad,1.0571428571428572,equidad,Equidad,0.9966983159829065,continuidad,Continuidad,1.0085015490101563
119,equidad,Equidad,0.998472117392036,eficiencia,Eficiencia,0.9998634555387138,ponderacion_rmc,RMC,1.0285714285714285,equidad,Equidad,0.9989727229492518,continuidad,Continuidad,1.0067365617448918
120,balanceado,Balanceado,0.9991385874500356,eficiencia,Eficiencia,0.9998634555387138,ponderacion_rmc,RMC,1.0285714285714285,educacion,Educación,0.9994207013935295,continuidad,Continuidad,1.0067365617448918
121,balanceado,Balanceado,0.9995684606374453,eficiencia,Eficiencia,1.0,ponderacion_rmc,RMC,1.0285714285714285,educacion,Educación,0.9997096472951957,continuidad,Continuidad,1.0067524322183876
122,balanceado,Balanceado,0.9996034503154902,eficiencia,Eficiencia,1.0,ponderacion_rmc,RMC,1.0285714285714285,educacion,Educación,0.9997334530054397,eficiencia,Eficiencia,1.0069301302147613
123,eficiencia,Eficiencia,1.0,ponderacion_rmc,RMC,1.0,ponderacion_rmc,RMC,1.0285714285714285,eficiencia,Eficiencia,1.0,ponderacion_rmc,RMC,1.0069301302147613
124,ponderacion_rmc,RMC,1.0,ponderacion_rmc,RMC,1.0,ponderacion_rmc,RMC,1.0,ponderacion_rmc,RMC,1.0,ponderacion_rmc,RMC,1.0
