strategy,step,id,nombre,escala,initial_rank,current_rank_before_build,initial_score,realized_score,delta_score_vs_G0,poblacion_marginal,poblacion_beneficiada,demanda_habilitada,ciclistas_inducidos,componentes_unidos,componentes_red,costo_mclp,grado_dendritico,score_dendritico,cum_realized_score,discounted_realized_score,cum_discounted_score,cum_poblacion_marginal,cum_demanda_habilitada,cum_ciclistas_inducidos,cum_costo_mclp
eva_adaptive_fixed_set,1,I12,LAS REJAS - SUIZA - DEPARTAMENTAL,Intercomunal,1,1,0.6686769070660649,0.6686769070660649,0,44459,550242,58232,217,3,140,1192,1,100,0.6686769070660649,0.6686769070660649,0.6686769070660649,44459,58232,217,1192
eva_adaptive_fixed_set,2,I26,SAN PABLO,Intercomunal,3,1,0.6268373699221884,0.5863061971581027,-0.04053117276408569,33063,89662,24215,154,2,139,883,1,100,1.2549831042241677,0.5569908873001975,1.2256677943662624,77522,82447,371,2075
eva_adaptive_fixed_set,3,I11,JOSE JOAQUIN PEREZ,Intercomunal,6,1,0.5721603338810728,0.6007075437890453,0.02854720990797255,28111,1128669,53252,107,1,139,690,1,100,1.855690648013213,0.5421385582696134,1.7678063526358758,105633,135699,478,2765
eva_adaptive_fixed_set,4,I30,WALKER - HUALLE - AGUIRRE,Intercomunal,4,1,0.5815413361963746,0.5933615731760592,0.011820236979684595,28110,292020,36471,108,2,138,800,1,100,2.4490522211892722,0.5087333788018237,2.2765397314376994,133743,172170,586,3565
eva_adaptive_fixed_set,5,C066,CUATRO PONIENTE,Comunal,5,1,0.572487990377622,0.572487990377622,0,49812,126728,29943,101,1,138,676,2,50,3.021540211566894,0.4662950462125129,2.7428347776502124,183555,202113,687,4241
eva_adaptive_fixed_set,6,I14,LO OVALLE,Intercomunal,2,2,0.6371787956227899,0.5479931058375819,-0.08918568978520802,45894,53668,22244,228,1,138,1374,1,100,3.569533317404476,0.4240266191785407,3.166861396828753,229449,224357,915,5615
eva_adaptive_fixed_set,7,I10,GRAN AVENIDA,Intercomunal,28,2,0.40682183317748805,0.614945370876037,0.2081235376985489,19546,364298,92498,77,2,137,448,1,100,4.184478688280513,0.4520413553083577,3.6189027521371107,248995,316855,992,6063
eva_adaptive_fixed_set,8,C068,SAN CARLOS,Comunal,12,1,0.48156244324655567,0.5537704292814861,0.07220798603493045,35574,399707,73985,67,3,135,587,2,50,4.738249117561999,0.3867185442411081,4.0056212963782185,284569,390840,1059,6650
eva_adaptive_fixed_set,9,I19,PAC-LO ESPEJO-SN BDO,Intercomunal,27,1,0.41460848628355157,0.5612997129993577,0.1466912267158061,9981,535608,46952,149,3,133,1435,1,100,5.299548830561356,0.3723776976804607,4.377998994058679,294550,437792,1208,8085
eva_adaptive_fixed_set,10,I16,MATTA-VESPUCIO NORTE,Intercomunal,8,1,0.5227107068074346,0.5227107068074346,0,34088,84165,18290,126,3,131,990,2,50,5.822259537368791,0.32943811442211884,4.707437108480797,328638,456082,1334,9075
eva_adaptive_fixed_set,11,I22,PEDRO FONTOVA,Intercomunal,14,1,0.4728109936708254,0.6467041947023485,0.17389320103152311,16446,1205264,80382,72,3,129,688,1,100,6.468963732071139,0.3872056901287046,5.0946427986095015,345084,536464,1406,9763
eva_adaptive_fixed_set,12,I21,PEDRO DE VALDIVIA,Intercomunal,20,2,0.43141163724900483,0.529620179986615,0.0982085427376102,14501,736076,25307,75,1,129,474,1,100,6.998583912057755,0.3012480072478618,5.395890805857364,359585,561771,1481,10237
eva_adaptive_fixed_set,13,EP-ALAMEDA-T3,ALAMEDA TRAMO 3,Intercomunal,7,2,0.558260973877864,0.5295841323784292,-0.028676841499434835,0,64354,28552,156,3,127,341,0,100,7.528168044436184,0.28616612819674936,5.682056934054113,359585,590323,1637,10578
eva_adaptive_fixed_set,14,EP-I34,VICUÑA MACKENNA,Intercomunal,13,3,0.4789418889773093,0.4789418889773093,0,0,0,0,271,2,126,539,1,100,8.007109933413492,0.24586102705743326,5.927917961111547,359585,590323,1908,11117
eva_adaptive_fixed_set,15,I20,PAC - LO ESPEJO - EL BOSQUE,Intercomunal,9,4,0.49632538126901565,0.4634436988107071,-0.032881682458308525,22608,22608,11791,138,1,126,1031,1,100,8.470553632224199,0.22600989613873537,6.153927857250282,382193,602114,2046,12148
eva_adaptive_fixed_set,16,I01,BARÓN DE JURAS REALES,Intercomunal,11,2,0.48687720322810635,0.4948211530703569,0.007943949842250553,16219,16219,9010,123,1,126,781,1,100,8.965374785294555,0.2292463007150331,6.383174157965315,398412,611124,2169,12929
eva_adaptive_fixed_set,17,EP-I10,GRAN AVENIDA,Intercomunal,19,4,0.435180901694348,0.4478168218690567,0.012635920174708715,4764,9973,5817,127,2,125,913,1,100,9.413191607163611,0.19709612597544895,6.580270283940764,403176,616941,2296,13842
eva_adaptive_fixed_set,18,EP-I33,LA CHIMBA,Intercomunal,30,4,0.4043195865206677,0.4222051979606514,0.01788561143998374,4379,11547,5001,198,2,124,971,1,100,9.835396805124264,0.17653257890258658,6.75680286284335,407555,621942,2494,14813
eva_adaptive_fixed_set,19,I15,MARTINEZ DE ROZAS,Intercomunal,10,5,0.49042582216035796,0.4148837713854609,-0.07554205077489706,0,0,0,251,1,124,640,1,100,10.250280576509724,0.16479777449025107,6.921600637333601,407555,621942,2745,15453
eva_adaptive_fixed_set,20,I09,GENERAL VELASQUEZ,Intercomunal,15,6,0.45347011016300426,0.4093830746114504,-0.044087035551553855,735,9656,3558,73,1,124,643,1,100,10.659663651121175,0.1544821780216113,7.076082815355212,408290,625500,2818,16096
eva_adaptive_fixed_set,21,I29,SANTA ROSA,Intercomunal,23,9,0.42297111297710543,0.37925983961508264,-0.043711273362022796,5202,5202,2827,132,2,123,710,1,100,11.038923490736257,0.13595931343692857,7.212042128792141,413492,628327,2950,16806
eva_adaptive_fixed_set,22,I24,RADAL,Intercomunal,26,9,0.41533970570255174,0.3785196771316167,-0.036820028570935026,0,13641,5648,113,2,122,509,1,100,11.417443167867875,0.12890927682599554,7.340951405618136,413492,633975,3063,17315
eva_adaptive_fixed_set,23,C060,ROJAS MAGALLANES,Comunal,24,13,0.4219139986989199,0.3660239327321407,-0.0558900659667792,6013,6013,3413,66,1,122,395,1,100,11.783467100600015,0.11842102050204788,7.459372426120184,419505,637388,3129,17710
eva_adaptive_fixed_set,24,I02,CARLOS VALDOVINOS,Intercomunal,22,16,0.4243998641097862,0.35721384077587764,-0.06718602333390855,0,0,0,108,1,122,687,1,100,12.140680941375892,0.10979212720889905,7.569164553329083,419505,637388,3237,18397
eva_adaptive_fixed_set,25,I08,GENERAL OSCAR BONILLA,Intercomunal,16,26,0.44379823929485906,0.331072846294047,-0.11272539300081208,4898,13286,7201,88,1,122,595,1,100,12.47175378766994,0.09666963737445913,7.665834190703542,424403,644589,3325,18992
eva_adaptive_fixed_set,26,C058,ANTONIO EBNER-BARROS ARANA,Comunal,29,26,0.40679457494201116,0.32896472322321724,-0.07782985171879392,0,0,0,130,1,122,341,1,100,12.800718510893157,0.09125138414703042,7.7570855748505725,424403,644589,3455,19333
eva_adaptive_fixed_set,27,I07,EL GUANACO,Intercomunal,21,28,0.42548756362861406,0.324739680651957,-0.10074788297665704,0,0,0,93,1,122,443,1,100,13.125458191545114,0.08557543132217861,7.842661006172751,424403,644589,3548,19776
eva_adaptive_fixed_set,28,C057,PADRE VICENTE IRARRAZABAL - MANUEL CHACON,Comunal,25,29,0.41723732777812184,0.31789140949166556,-0.09934591828645628,8042,8042,4560,31,1,122,220,1,100,13.443349601036779,0.07958223554613701,7.9222432417188875,432445,649149,3579,19996
eva_adaptive_fixed_set,29,I05,DIAGONAL JOSE MARIA CARO,Intercomunal,18,49,0.43893681633352033,0.2998191705702712,-0.13911764576324914,4221,4221,2515,113,1,122,644,1,100,13.743168771607051,0.07130505947656475,7.993548301195452,436666,651664,3692,20640
eva_adaptive_fixed_set,30,C006,DOMINGO TOCORNAL,Comunal,17,50,0.44257795158972896,0.2995692932969233,-0.14300865829280568,0,4416,2578,68,2,121,439,2,50,14.042738064903974,0.0676833503458009,8.061231651541252,436666,654242,3760,21079
