scenario,scenario_label,step,id,nombre,escala,initial_rank,current_rank_before_build,own_score,initial_own_score,delta_own_score_vs_G0,score_eval_rmc,score_eval_balanceado,score_eval_logit,poblacion_marginal,poblacion_beneficiada,demanda_habilitada,ciclistas_inducidos,componentes_unidos,componentes_red,costo_mclp,cum_cost_mclp,cum_population,cum_demand,cum_cyclists,cum_own_score,cum_own_score_discounted,cum_eval_rmc,cum_eval_balanceado,cum_eval_logit
logit,Logit (Biogeme),1,I12,LAS REJAS - SUIZA - DEPARTAMENTAL,Intercomunal,1,1,0.7150180885082573,0.7150180885082573,0,0.6686769070660649,0.6632466132986395,0.7150180885082573,44459,550242,58232,217,3,140,1192,1192,44459,58232,217,0.7150180885082573,0.7150180885082573,0.6686769070660649,0.6632466132986395,0.7150180885082573
logit,Logit (Biogeme),2,EP-I34,VICUÑA MACKENNA,Intercomunal,5,1,0.5583073246720296,0.5583073246720296,0,0.4789418889773093,0.4368055224633501,0.5583073246720296,0,0,0,271,2,139,539,1731,44459,58232,488,1.273325413180287,1.2454100469466853,1.1476187960433741,1.1000521357619897,1.273325413180287
logit,Logit (Biogeme),3,I26,SAN PABLO,Intercomunal,3,1,0.5580785407588081,0.5931326335081755,-0.03505409274936733,0.5863061971581027,0.5639825636469636,0.5580785407588081,33063,89662,24215,154,2,138,883,2614,77522,82447,642,1.8314039539390952,1.7490759299815095,1.7339249932014769,1.6640346994089534,1.8314039539390952
logit,Logit (Biogeme),4,I14,LO OVALLE,Intercomunal,2,1,0.5576129190047813,0.6811390619717375,-0.12352614296695619,0.535283009526993,0.4858128839111036,0.5576129190047813,45894,53668,20424,228,1,138,1374,3988,123416,102871,870,2.3890168729438765,2.227159306413234,2.26920800272847,2.149847583320057,2.3890168729438765
logit,Logit (Biogeme),5,I25,SAN FRANCISCO,Intercomunal,20,1,0.7330711122765435,0.40865214895636653,0.324418963320177,0.6475103033211085,0.6616090422372957,0.7330711122765435,26575,599607,109712,210,2,137,1001,4989,149991,212583,1080,3.12208798522042,2.82425030905693,2.916718306049578,2.8114566255573528,3.12208798522042
logit,Logit (Biogeme),6,I11,JOSE JOAQUIN PEREZ,Intercomunal,10,1,0.5408411043502135,0.4916163602503147,0.0492247440998988,0.6077012244105292,0.563328432323428,0.5408411043502135,28111,1281032,56159,107,1,137,690,5679,178102,268742,1187,3.6629290895706337,3.2427428458195733,3.5244195304601074,3.3747850578807808,3.6629290895706337
logit,Logit (Biogeme),7,I19,PAC-LO ESPEJO-SN BDO,Intercomunal,18,1,0.5384717564727108,0.41726561469705503,0.1212061417756558,0.5367589132544363,0.5189995891333469,0.5384717564727108,9981,467175,46473,149,3,135,1435,7114,188083,315215,1336,4.201400846043344,3.638569067333263,4.061178443714543,3.8937846470141277,4.201400846043344
logit,Logit (Biogeme),8,C068,SAN CARLOS,Comunal,14,1,0.5513583914375612,0.4515201464217506,0.09983824501581057,0.5656875895988716,0.613742088046546,0.5513583914375612,35574,366698,74223,67,3,133,587,7701,223657,389438,1403,4.752759237480905,4.023603195588368,4.626866033313415,4.507526735060674,4.752759237480905
logit,Logit (Biogeme),9,I16,MATTA-VESPUCIO NORTE,Intercomunal,6,1,0.5234634421223687,0.5234634421223687,0,0.5227107068074346,0.5502072458808959,0.5234634421223687,34088,84165,18290,126,3,131,990,8691,257745,407728,1529,5.276222679603274,4.370879538125247,5.14957674012085,5.05773398094157,5.276222679603274
logit,Logit (Biogeme),10,I22,PEDRO FONTOVA,Intercomunal,22,1,0.5971767619797479,0.38844426551289746,0.20873249646685044,0.6467041947023485,0.6538568119005631,0.5971767619797479,16446,1205264,80382,72,3,129,688,9379,274191,488110,1601,5.873399441583022,4.747249839864237,5.796280934823198,5.711590792842133,5.873399441583022
logit,Logit (Biogeme),11,EP-ALAMEDA-T3,ALAMEDA TRAMO 3,Intercomunal,4,1,0.5331653118318042,0.5751240467845989,-0.041958734952794785,0.5299199532739515,0.5180969053914409,0.5331653118318042,0,64354,28552,156,3,127,341,9720,274191,516662,1757,6.406564753414826,5.066475606778487,6.32620088809715,6.229687698233573,6.406564753414826
logit,Logit (Biogeme),12,C066,CUATRO PONIENTE,Comunal,7,1,0.51907901501457,0.51907901501457,0,0.572487990377622,0.5773870627172858,0.51907901501457,49812,126728,29943,101,1,127,676,10396,324003,546605,1858,6.925643768429396,5.361727798417548,6.898688878474772,6.807074760950859,6.925643768429396
logit,Logit (Biogeme),13,I04,DEL FERROCARRIL,Intercomunal,34,1,0.49741664398463986,0.3273072141945243,0.17010942979011556,0.5570843850592357,0.553325606357454,0.49741664398463986,6753,436519,68501,59,3,125,652,11048,330756,615106,1917,7.423060412414036,5.630511899765943,7.455773263534008,7.360400367308313,7.423060412414036
logit,Logit (Biogeme),14,I30,WALKER - HUALLE - AGUIRRE,Intercomunal,9,1,0.48721024199817337,0.4964116718897393,-0.009201429891565915,0.578017387899666,0.5383514023231284,0.48721024199817337,28110,40675,21894,108,2,124,800,11848,358866,637000,2025,7.9102706544122094,5.880617420388397,8.033790651433673,7.898751769631441,7.9102706544122094
logit,Logit (Biogeme),15,I15,MARTINEZ DE ROZAS,Intercomunal,8,1,0.462531169791755,0.518595463776038,-0.05606429398428303,0.4148837713854609,0.33878477222289866,0.462531169791755,0,0,0,251,1,124,640,12488,358866,637000,2276,8.372801824203965,6.106182298956872,8.448674422819133,8.23753654185434,8.372801824203965
logit,Logit (Biogeme),16,I06,DIAGONAL ORIENTE,Intercomunal,12,1,0.46237740043563735,0.45473446485931507,0.007642935576322285,0.4095135337352593,0.3358377454255065,0.46237740043563735,4804,4804,2794,254,1,124,1138,13626,363670,639794,2530,8.835179224639601,6.320397693602767,8.858187956554392,8.573374287279846,8.835179224639601
logit,Logit (Biogeme),17,I21,PEDRO DE VALDIVIA,Intercomunal,28,1,0.4618604135901872,0.36420943475113315,0.09765097883905405,0.547596515167422,0.5206277897414379,0.4618604135901872,14501,740880,25407,75,1,124,474,14100,378171,665201,2605,9.297039638229789,6.523674778818343,9.405784471721814,9.094002077021283,9.297039638229789
logit,Logit (Biogeme),18,EP-I10,GRAN AVENIDA,Intercomunal,13,1,0.474854616709208,0.45172686333548284,0.023127753373725135,0.513947320300614,0.49929749326495804,0.474854616709208,16187,21396,11712,124,2,123,913,15013,394358,676913,2729,9.771894254938998,6.7222211503371705,9.919731792022429,9.593299570286241,9.771894254938998
logit,Logit (Biogeme),19,I27,SANTA CECILIA - NONATO COO,Intercomunal,30,1,0.4637398136549818,0.35655039029155833,0.10718942336342346,0.5089639398517234,0.4878924496545857,0.4637398136549818,24624,24624,14290,124,1,123,644,15657,418982,691203,2853,10.23563406859398,6.906425244360075,10.428695731874152,10.081192019940827,10.23563406859398
logit,Logit (Biogeme),20,I01,BARÓN DE JURAS REALES,Intercomunal,15,1,0.4489005002894388,0.4362892727786841,0.012611227510754663,0.5116121978464763,0.47278393345847886,0.4489005002894388,16219,16219,9010,123,1,123,781,16438,435201,700213,2976,10.684534568883418,7.075819465324196,10.940307929720628,10.553975953399306,10.684534568883418
logit,Logit (Biogeme),21,EP-I33,LA CHIMBA,Intercomunal,17,1,0.4447675114935197,0.42108564009905036,0.02368187139446931,0.4333992278113977,0.3711347793680784,0.4447675114935197,4379,11547,5001,198,2,122,971,17409,439580,705214,3174,11.129302080376938,7.235262356939303,11.373707157532026,10.925110732767385,11.129302080376938
logit,Logit (Biogeme),22,I20,PAC - LO ESPEJO - EL BOSQUE,Intercomunal,11,1,0.4384052929091777,0.4713593486330748,-0.03295405572389715,0.48851713488671844,0.44152446245534527,0.4384052929091777,22368,22368,11753,138,1,122,1031,18440,461948,716967,3312,11.567707373286115,7.384566376465769,11.862224292418745,11.36663519522273,11.567707373286115
logit,Logit (Biogeme),23,C086,LA ESTRELLA,Comunal,42,1,0.3831335007758099,0.2845230093324997,0.09861049144331019,0.49707937215384324,0.4661919325763571,0.3831335007758099,5624,295545,26421,33,2,121,185,18625,467572,743388,3345,11.950840874061925,7.508522916169954,12.359303664572588,11.832827127799087,11.950840874061925
logit,Logit (Biogeme),24,I29,SANTA ROSA,Intercomunal,23,1,0.3729472027164556,0.3855511137724109,-0.012603911055955319,0.4128419291673215,0.35654823110212047,0.3729472027164556,5202,5202,2827,132,2,120,710,19335,472774,746215,3477,12.32378807677838,7.623150800223693,12.772145593739909,12.189375358901207,12.32378807677838
logit,Logit (Biogeme),25,I13,LO ESPEJO-RIQUELME,Intercomunal,37,1,0.37026233040716217,0.31781042777302104,0.05245190263414112,0.42599801430320505,0.3609336686925627,0.37026233040716217,5121,10062,4569,124,2,119,700,20035,477895,750784,3601,12.694050407185541,7.731263336828681,13.198143608043114,12.55030902759377,12.694050407185541
logit,Logit (Biogeme),26,I05,DIAGONAL JOSE MARIA CARO,Intercomunal,19,1,0.35495458090900583,0.41189118489243726,-0.05693660398343142,0.39309133143635283,0.3597167796215602,0.35495458090900583,4221,4221,2516,109,1,119,644,20679,482116,753300,3710,13.049004988094547,7.829724036504669,13.591234939479467,12.91002580721533,13.049004988094547
logit,Logit (Biogeme),27,I24,RADAL,Intercomunal,26,1,0.35466828858005917,0.3672449758327373,-0.012576687252678131,0.4165597209210201,0.35140555086260705,0.35466828858005917,0,8616,3735,113,2,118,509,21188,482116,757035,3823,13.403673276674606,7.923186257415289,14.007794660400487,13.261431358077937,13.403673276674606
logit,Logit (Biogeme),28,C053,CONDELL,Comunal,33,1,0.33850185121139226,0.3296522359928393,0.008849615218552931,0.3881929562198495,0.3820145082030817,0.33850185121139226,9857,9857,5745,74,1,118,280,21468,491973,762780,3897,13.742175127885998,8.00792819523294,14.395987616620337,13.643445866281018,13.742175127885998
logit,Logit (Biogeme),29,C063,LONGITUDINAL,Comunal,67,1,0.3370968654728083,0.21745448958458824,0.11964237588822008,0.42326463507159795,0.4177635274586553,0.3370968654728083,13349,24325,14704,38,1,118,192,21660,505322,777484,3935,14.079271993358807,8.088098892777674,14.819252251691935,14.061209393739674,14.079271993358807
logit,Logit (Biogeme),30,I03,CARRASCAL,Intercomunal,73,1,0.3361702106240762,0.21250707766129948,0.12366313296277673,0.438713701690571,0.38489881011811883,0.3361702106240762,0,16584,9569,62,2,117,442,22102,505322,787053,3997,14.415442203982883,8.16405169118061,15.257965953382506,14.446108203857792,14.415442203982883
logit,Logit (Biogeme),31,C067,CARDENAL RAUL SILVA HENRIQUEZ,Comunal,50,1,0.3329520437136048,0.26473485914218875,0.06821718457141607,0.42983953771854705,0.374479537309281,0.3329520437136048,4301,12567,6265,64,3,115,332,22434,509623,793318,4061,14.748394247696487,8.235516106295574,15.687805491101052,14.820587741167072,14.748394247696487
logit,Logit (Biogeme),32,I08,GENERAL OSCAR BONILLA,Intercomunal,21,1,0.32781758593965915,0.4016399334761559,-0.07382234753649675,0.38764025909267236,0.34061529900395354,0.32781758593965915,4898,13286,7918,88,1,115,595,23029,514521,801236,4149,15.076211833636146,8.302360349668177,16.075445750193726,15.161203040171026,15.076211833636146
logit,Logit (Biogeme),33,C006,DOMINGO TOCORNAL,Comunal,16,1,0.3217906170835068,0.42846632305629245,-0.10667570597278564,0.38429556966416456,0.35566823098520833,0.3217906170835068,0,4416,2578,70,2,114,439,23468,514521,803814,4219,15.398002450719652,8.364694887788241,16.45974131985789,15.516871271156234,15.398002450719652
logit,Logit (Biogeme),34,C060,ROJAS MAGALLANES,Comunal,32,1,0.3215163863920257,0.3460335202681512,-0.02451713387612553,0.3996060222843795,0.366095271578271,0.3215163863920257,6013,6013,3413,66,1,114,395,23863,520534,807227,4285,15.719518837111677,8.423862233449686,16.85934734214227,15.882966542734504,15.719518837111677
logit,Logit (Biogeme),35,I28,SANTA RAQUEL,Intercomunal,54,1,0.3475434038192387,0.24543453028560053,0.10210887353363818,0.4266348439407838,0.3978411100220755,0.3475434038192387,10375,10375,5709,66,1,114,300,24163,530909,812936,4351,16.067062240930916,8.484621375122181,17.285982186083054,16.28080765275658,16.067062240930916
logit,Logit (Biogeme),36,I02,CARLOS VALDOVINOS,Intercomunal,25,1,0.3121245447496371,0.3709776272074579,-0.05885308245782084,0.3568283145325555,0.30266290849181665,0.3121245447496371,0,0,0,107,1,114,687,24850,530909,812936,4458,16.379186785680552,8.536460075739791,17.64281050061561,16.583470561248397,16.379186785680552
logit,Logit (Biogeme),37,C056,TEMUCO - TORO MAZOTTE,Comunal,74,1,0.3055839090377198,0.2115701314419019,0.09401377759581792,0.3791644103081851,0.3158736521717129,0.3055839090377198,8042,8042,4827,85,1,114,186,25036,538951,817763,4543,16.68477069471827,8.58467486495968,18.021974910923795,16.89934421342011,16.68477069471827
logit,Logit (Biogeme),38,C058,ANTONIO EBNER-BARROS ARANA,Comunal,24,1,0.30922913346850583,0.37781121964840697,-0.06858208617990114,0.3320489331697943,0.26042560100589357,0.30922913346850583,0,0,0,138,1,114,341,25377,538951,817763,4681,16.993999828186777,8.63102529833457,18.35402384409359,17.159769814426003,16.993999828186777
logit,Logit (Biogeme),39,C029,MARIA ELENA,Comunal,29,1,0.30449386215901736,0.3567247571131572,-0.05223089495413985,0.35607948736774636,0.35614784542360894,0.30449386215901736,7474,7474,4249,55,1,114,270,25647,546425,822012,4736,17.298493690345794,8.674383927572125,18.710103331461337,17.515917659849613,17.298493690345794
logit,Logit (Biogeme),40,C089,J J PEREZ,Comunal,87,1,0.3038851057008596,0.1914692215142691,0.11241588418659049,0.4252198438418831,0.3935665275675515,0.3038851057008596,0,9565,5573,20,2,113,198,25845,546425,827585,4756,17.602378796046654,8.715492275237,19.13532317530322,17.909484187417164,17.602378796046654
logit,Logit (Biogeme),41,C046,EUCALIPTOS,Comunal,82,1,0.3172940760072499,0.19618975975855113,0.12110431624869877,0.4510300184987758,0.40431130585522296,0.3172940760072499,16,7223,4212,30,2,112,206,26051,546441,831797,4786,17.919672872053905,8.756268421210024,19.586353193801997,18.313795493272387,17.919672872053905
logit,Logit (Biogeme),42,C052,BAQUEDANO - POSTALES ORIENTE,Comunal,77,1,0.31224195811573646,0.20593829196073657,0.10630366615499989,0.42382135656805814,0.38700010160873116,0.31224195811573646,8320,8320,4853,37,1,112,259,26310,554761,836650,4823,18.231914830169643,8.79438896424721,20.010174550370056,18.700795594881118,18.231914830169643
logit,Logit (Biogeme),43,I17,MATUCANA,Intercomunal,47,1,0.29976856033750704,0.2696237429742141,0.03014481736329294,0.3845900370823136,0.3071463317597267,0.29976856033750704,3082,3082,1850,89,1,112,287,26597,557843,838500,4912,18.53168339050715,8.829156787751058,20.39476458745237,19.007941926640846,18.53168339050715
logit,Logit (Biogeme),44,I10,GRAN AVENIDA,Intercomunal,27,1,0.29043106407476077,0.36486657392114963,-0.07443550984638886,0.334454321481313,0.29363424772818036,0.29043106407476077,3242,3242,1653,83,1,112,448,27045,561085,840153,4995,18.82211445458191,8.861157385699677,20.729218908933685,19.30157617436903,18.82211445458191
logit,Logit (Biogeme),45,C014,JOSE DOMINGO CAÑAS,Comunal,43,1,0.2876964978064817,0.2823743292001802,0.005322168606301525,0.3453428032423394,0.28309215789783865,0.2876964978064817,0,0,0,97,1,112,259,27304,561085,840153,5092,19.109810952388393,8.891271715885111,21.074561712176024,19.584668332266865,19.109810952388393
logit,Logit (Biogeme),46,I09,GENERAL VELASQUEZ,Intercomunal,35,1,0.28470479537852456,0.3213096173221371,-0.03660482194361253,0.42267114246629156,0.31774422138245334,0.28470479537852456,735,4715,2016,74,1,112,643,27947,561820,842169,5166,19.394515747766917,8.919582833903009,21.497232854642316,19.90241255364932,19.394515747766917
logit,Logit (Biogeme),47,I23,PETERSEN - VICUÑA MACKENNA,Intercomunal,58,1,0.28315219390093405,0.2361784489196916,0.04697374498124243,0.392473780071136,0.3152632006521745,0.28315219390093405,5025,5025,2899,66,1,112,361,28308,566845,845068,5232,19.677667941667853,8.946331724484578,21.889706634713452,20.217675754301496,19.677667941667853
logit,Logit (Biogeme),48,I07,EL GUANACO,Intercomunal,31,1,0.2705453241424079,0.3537645413829591,-0.0832192172405512,0.32628178562524557,0.2584384678494551,0.2705453241424079,0,0,0,97,1,112,443,28751,566845,845068,5329,19.94821326581026,8.970611769129416,22.215988420338697,20.47611422215095,19.94821326581026
logit,Logit (Biogeme),49,C083,ORIENTAL-LAS PARCELAS,Comunal,48,1,0.269904950123001,0.2670712147655788,0.0028337353574221513,0.3251273232241672,0.26505277785148107,0.269904950123001,0,0,0,89,1,112,392,29143,566845,845068,5418,20.21811821593326,8.993623214796205,22.541115743562862,20.74116700000243,20.21811821593326
logit,Logit (Biogeme),50,C047,VIOLETA PARRA,Comunal,56,1,0.26564737167246005,0.24322330127790998,0.022424070394550077,0.32192692159440883,0.25202162169060754,0.26564737167246005,0,0,0,95,1,112,240,29383,566845,845068,5513,20.48376558760572,9.015139246844269,22.86304266515727,20.99318862169304,20.48376558760572
logit,Logit (Biogeme),51,I18,NUEVA IMPERIAL,Intercomunal,57,1,0.2635007343745128,0.2394479358210364,0.024052798553476418,0.32695555385353203,0.2727141398239193,0.2635007343745128,0,0,0,72,1,112,290,29673,566845,845068,5585,20.747266321980234,9.035414304336111,23.189998219010803,21.26590276151696,20.747266321980234
logit,Logit (Biogeme),52,I32,EINSTEIN,Intercomunal,63,1,0.2615344060369183,0.22550844133680195,0.03602596470011635,0.329105232055101,0.27368473360775963,0.2615344060369183,0,0,0,73,1,112,366,30039,566845,845068,5658,21.008800728017153,9.054531874822306,23.519103451065906,21.539587495124717,21.008800728017153
logit,Logit (Biogeme),53,C007,EDUARDO CASTILLO VELASCO,Comunal,53,1,0.2586138261730335,0.2543560912879924,0.004257734885041109,0.3225103531540599,0.26423848890994855,0.2586138261730335,0,0,0,76,1,112,409,30448,566845,845068,5734,21.267414554190186,9.072490753423448,23.841613804219964,21.803825984034667,21.267414554190186
logit,Logit (Biogeme),54,C035,PRODIVENCIA,Comunal,91,1,0.2561497377470783,0.18908094919869084,0.06706878854838744,0.3722260342578536,0.3495462373473005,0.2561497377470783,0,11942,7334,2,2,111,33,30481,566845,852402,5736,21.523564291937262,9.089389130460702,24.213839838477817,22.153372221381968,21.523564291937262
logit,Logit (Biogeme),55,C090,SANTO DOMINGO,Comunal,66,1,0.24852957214525181,0.22069296607078578,0.02783660607446603,0.349887195462644,0.2833148807963699,0.24852957214525181,0,0,0,49,1,111,150,30631,566845,852402,5785,21.772093864082514,9.104965016383359,24.56372703394046,22.43668710217834,21.772093864082514
logit,Logit (Biogeme),56,C043,NEPTUNO,Comunal,49,1,0.23374698626937565,0.26627063160179626,-0.03252364533242061,0.334830552059407,0.28311712457947685,0.23374698626937565,0,0,0,34,1,111,172,30803,566845,852402,5819,22.00584085035189,9.11888197420611,24.898557585999868,22.719804226757816,22.00584085035189
logit,Logit (Biogeme),57,C062,CORONA SUECA,Comunal,78,1,0.23352408574432182,0.20334009431951494,0.030183991424806877,0.32620179491551055,0.25789429168421,0.23352408574432182,0,0,0,54,1,111,280,31083,566845,852402,5873,22.239364936096212,9.132090476521288,25.22475938091538,22.977698518442025,22.239364936096212
logit,Logit (Biogeme),58,C070,MENDOZA (EX-CORONEL ROBLES),Comunal,41,1,0.23339734305206533,0.2915496746194061,-0.05815233156734079,0.3085206075687253,0.24961522953186419,0.23339734305206533,0,0,0,58,1,111,336,31419,566845,852402,5931,22.472762279148277,9.144631743386425,25.533279988484104,23.22731374797389,22.472762279148277
logit,Logit (Biogeme),59,C024,LOS ARRAYANES - LOS COPIHUES,Comunal,40,1,0.2318478715838661,0.2975052406138873,-0.06565736903002117,0.31680247946238577,0.2561901813862282,0.2318478715838661,0,0,0,51,1,111,259,31678,566845,852402,5982,22.704610150732144,9.15646685124174,25.85008246794649,23.48350392936012,22.704610150732144
logit,Logit (Biogeme),60,C003,CONCHA Y TORO,Comunal,38,1,0.22994948267027468,0.31416090702464455,-0.08421142435436987,0.3043952955417027,0.3090482220860951,0.22994948267027468,0,2169,1049,6,2,110,245,31923,566845,853451,5988,22.93455963340242,9.167618142235186,26.15447776348819,23.792552151446213,22.93455963340242
logit,Logit (Biogeme),61,C080,PARAGUAY,Comunal,85,1,0.22964836868484076,0.1936109851707893,0.036037383514051446,0.3065842808037552,0.24219521746929906,0.22964836868484076,0,0,0,61,1,110,273,32196,566845,853451,6049,23.16420800208726,9.178197996418179,26.461062044291946,24.03474736891551,23.16420800208726
logit,Logit (Biogeme),62,C022,LLANURA  - EL DESIERTO,Comunal,62,1,0.22916446150209302,0.22916446150209302,0,0.2832694397879176,0.2634709012598797,0.22916446150209302,0,0,0,39,3,108,122,32318,566845,853451,6088,23.393372463589355,9.188227679060716,26.744331484079865,24.29821827017539,23.393372463589355
logit,Logit (Biogeme),63,C078,WALDO TAFF,Comunal,51,1,0.22869246510795951,0.2631562162873176,-0.0344637511793581,0.3204538895575737,0.2571080263652092,0.22869246510795951,0,0,0,47,1,108,157,32475,566845,853451,6135,23.622064928697313,9.19773625290808,27.064785373637438,24.5553262965406,23.622064928697313
logit,Logit (Biogeme),64,C049,FEDERICO ERRÁZURIZ (EX SERRANO),Comunal,55,1,0.2249843651843573,0.24336198295540148,-0.018377617771044186,0.31900269194283004,0.24196333249349297,0.2249843651843573,1527,3911,2331,57,1,108,332,32807,568372,855782,6192,23.84704929388167,9.206622931475977,27.38378806558027,24.797289629034093,23.84704929388167
logit,Logit (Biogeme),65,C023,AVENIDA DORSAL,Comunal,45,1,0.22437758907725977,0.2786399579014614,-0.05426236882420163,0.3089931880728719,0.24946346507262765,0.22437758907725977,0,0,0,48,1,108,308,33115,568372,855782,6240,24.07142688295893,9.215042507364366,27.69278125365314,25.04675309410672,24.07142688295893
logit,Logit (Biogeme),66,C026,LOS MAITENES,Comunal,96,1,0.2246292608188516,0.18024776614985574,0.04438149466899585,0.31982871633337284,0.2624402913334766,0.2246292608188516,0,6013,3587,33,2,107,150,33265,568372,859369,6273,24.296056143777783,9.22305007603553,28.012609969986514,25.309193385440196,24.296056143777783
logit,Logit (Biogeme),67,C005,CORONEL ALEJANDRO SEPULVEDA,Comunal,65,1,0.22239935277441908,0.22133491905315877,0.001064433721260305,0.3110352519269326,0.24616269407021546,0.22239935277441908,0,0,0,49,1,107,146,33411,568372,859369,6322,24.518455496552203,9.230581749242788,28.323645221913445,25.55535607951041,24.518455496552203
logit,Logit (Biogeme),68,C033,OBSERVATORIO,Comunal,81,1,0.22151696873589863,0.20015733206260883,0.0213596366732898,0.3084648310861465,0.2513134955209176,0.22151696873589863,0,0,0,42,1,107,207,33618,568372,859369,6364,24.7399724652881,9.237708450501984,28.632110052999593,25.80666957503133,24.7399724652881
logit,Logit (Biogeme),69,I31,FERNANDEZ ALBANO,Intercomunal,72,1,0.22040030675774894,0.21252739159483783,0.00787291516291111,0.3067365280286479,0.2444439122761516,0.22040030675774894,0,0,0,48,1,107,238,33856,568372,859369,6412,24.96037277204585,9.244444687436916,28.93884658102824,26.05111348730748,24.96037277204585
logit,Logit (Biogeme),70,C085,LOS LIBERTADORES,Comunal,118,1,0.21916155934498968,0.13921316133204648,0.0799483980129432,0.2739024379548618,0.3000498458651636,0.21916155934498968,5017,5017,2992,8,1,107,177,34033,573389,862361,6420,25.17953433139084,9.250808144919667,29.212749018983104,26.351163333172643,25.17953433139084
logit,Logit (Biogeme),71,C034,PEDRO LEON UGALDE,Comunal,68,1,0.21710344826195493,0.21497458081943435,0.0021288674425205822,0.3059054946388892,0.24104991358630382,0.21710344826195493,0,0,0,47,1,107,130,34163,573389,862361,6467,25.396637779652796,9.25679665922928,29.518654513621993,26.59221324675895,25.396637779652796
logit,Logit (Biogeme),72,C001,SAN EUGENIO,Comunal,60,1,0.2178793700495001,0.23178797067396792,-0.013908600624467832,0.31430883505027163,0.2590132693437949,0.2178793700495001,0,0,0,32,1,107,114,34277,573389,862361,6499,25.614517149702294,9.262506080470486,29.832963348672266,26.851226516102745,25.614517149702294
logit,Logit (Biogeme),73,C028,MADRID,Comunal,70,1,0.21877825432475098,0.21345608571844954,0.005322168606301442,0.3073126975341618,0.24223190119659788,0.21877825432475098,0,0,0,48,1,107,129,34406,573389,862361,6547,25.833295404027044,9.267952407727023,30.140276046206427,27.093458417299342,25.833295404027044
logit,Logit (Biogeme),74,C030,MAULE,Comunal,76,1,0.21842628392491,0.20991081415482768,0.008515469770082329,0.30603136817869897,0.242803008189965,0.21842628392491,0,0,0,47,1,107,185,34591,573389,862361,6594,26.051721687951954,9.273118094673325,30.446307414385124,27.336261425489308,26.051721687951954
logit,Logit (Biogeme),75,C088,ÑUBLE,Comunal,69,1,0.21836772652659187,0.21410999164155073,0.004257734885041137,0.3075087427394826,0.24869356815104088,0.21836772652659187,0,0,0,41,1,107,207,34798,573389,862361,6635,26.270089414478544,9.278024181658076,30.753816157124607,27.58495499364035,26.270089414478544
logit,Logit (Biogeme),76,C051,JOSE MIGUEL INFANTE - DOMINGO STA MARIA,Comunal,100,1,0.21559798137401023,0.17500757546995116,0.040590405904059074,0.3021683598937574,0.2421125961454188,0.21559798137401023,0,0,0,43,1,107,235,35033,573389,862361,6678,26.485687395852555,9.28262584759023,31.055984517018363,27.827067589785766,26.485687395852555
logit,Logit (Biogeme),77,C064,SILVA CARVALLO - SANTA ELENA,Comunal,64,1,0.21469860534352989,0.22315425115161255,-0.008455645808082668,0.29671303455212084,0.23492606826619203,0.21469860534352989,0,0,0,51,1,107,545,35578,573389,862361,6729,26.700386001196083,9.286979193985287,31.352697551570483,28.061993658051957,26.700386001196083
logit,Logit (Biogeme),78,C061,EL PINAR,Comunal,46,1,0.21151903360417912,0.2734841819649505,-0.06196514836077138,0.3052669359707163,0.2494826181363451,0.21151903360417912,0,0,0,32,1,107,222,35800,573389,862361,6761,26.911905034800263,9.291053625861105,31.6579644875412,28.3114762761883,26.911905034800263
logit,Logit (Biogeme),79,C010,ESQ BLANCA - ALBERTO LLONA,Comunal,103,1,0.21068917433606701,0.17163153599968162,0.0390576383363854,0.2850176822340751,0.289155622946105,0.21068917433606701,0,5802,3562,5,2,106,49,35849,573389,865923,6766,27.12259420913633,9.294909150063908,31.942982169775274,28.600631899134406,27.12259420913633
logit,Logit (Biogeme),80,C004,CONSISTORIAL,Comunal,83,1,0.20976093585872668,0.19605441104810026,0.013706524810626425,0.29131725003030046,0.2304294705489768,0.20976093585872668,0,0,0,49,1,106,563,36412,573389,865923,6815,27.332355144995056,9.298555760997653,32.23429941980557,28.831061369683383,27.332355144995056
logit,Logit (Biogeme),81,C050,MAR DE DRAKE,Comunal,39,1,0.20665351263928491,0.30660340056527546,-0.09994988792599055,0.26880089608800906,0.24724865482953312,0.20665351263928491,0,8377,2120,32,1,106,177,36589,573389,868043,6847,27.53900865763434,9.301968721126869,32.50310031589358,29.078310024512916,27.53900865763434
logit,Logit (Biogeme),82,C084,EL PINO - UNO SUR,Comunal,108,1,0.2060907665108521,0.16161985002307172,0.04447091648778037,0.30124232035692217,0.23776453567142844,0.2060907665108521,0,0,0,37,1,106,166,36755,573389,868043,6884,27.74509942414519,9.305202203984779,32.8043426362505,29.316074560184344,27.74509942414519
logit,Logit (Biogeme),83,C40,VICUÑA MACKENNA - SAN MARTIN,Comunal,92,1,0.20496168325446887,0.18466648030243932,0.02029520295202955,0.3163360869516046,0.2563382129686686,0.20496168325446887,0,0,0,25,1,106,168,36923,573389,868043,6909,27.95006110739966,9.30825718357229,33.120678723202104,29.57241277315301,27.95006110739966
logit,Logit (Biogeme),84,C081,SAN GREGORIO - DIEGO MEZA,Comunal,44,1,0.20327034997403853,0.2802085326805379,-0.07693818270649938,0.29723513011219044,0.23508252385757744,0.20327034997403853,0,0,0,36,1,106,246,37169,573389,868043,6945,28.153331457373696,9.311135465122547,33.417913853314296,29.80749529701059,28.153331457373696
logit,Logit (Biogeme),85,C020,LATINOAMERICA - PINTOR MURILLO - FRANCISCO TOLEDO,Comunal,79,1,0.20284648486828205,0.20178205114702175,0.001064433721260305,0.3057730249332946,0.2401276968007407,0.20284648486828205,0,0,0,32,1,106,144,37313,573389,868043,6977,28.356177942241978,9.313864130814594,33.72368687824759,30.04762299381133,28.356177942241978
logit,Logit (Biogeme),86,C032,OBISPO MANUEL UMAÑA,Comunal,52,1,0.20190305530662112,0.2588361991959208,-0.05693314388929971,0.3017723791915245,0.24491494652690077,0.20190305530662112,0,0,0,26,1,106,251,37564,573389,868043,7003,28.558080997548597,9.316444306869741,34.02545925743912,30.29253794033823,28.558080997548597
logit,Logit (Biogeme),87,C057,PADRE VICENTE IRARRAZABAL - MANUEL CHACON,Comunal,36,1,0.20056599825312163,0.31888156558551156,-0.11831556733238993,0.30449757128767685,0.23879598698947255,0.20056599825312163,0,0,0,31,1,106,220,37784,573389,868043,7034,28.75864699580172,9.31887924182461,34.32995682872679,30.531333927327704,28.75864699580172
logit,Logit (Biogeme),88,C048,GENERAL ARRIAGADA,Comunal,80,1,0.20019755786136345,0.20019755786136345,0,0.2517348978903142,0.22098639410553336,0.20019755786136345,0,0,0,47,1,106,148,37932,573389,868043,7081,28.95884455366308,9.321188180697467,34.58169172661711,30.75232032143324,28.95884455366308
logit,Logit (Biogeme),89,C009,EL ROSAL - SANTA ELENA,Comunal,95,1,0.19953067358892096,0.18029990435815174,0.019230769230769218,0.31426248812387036,0.2517344244742811,0.19953067358892096,0,0,0,21,1,106,169,38101,573389,868043,7102,29.158375227252,9.323374365817923,34.89595421474098,31.00405474590752,29.158375227252
logit,Logit (Biogeme),90,C082,CAUPOLICAN,Comunal,107,1,0.19910718704284489,0.16373473682739917,0.03537245021544572,0.3347012814305727,0.25830520096931164,0.19910718704284489,2416,2416,1394,13,1,106,118,38219,575805,869437,7115,29.357482414294847,9.325446833693496,35.23065549617156,31.26235994687683,29.357482414294847
logit,Logit (Biogeme),91,C011,EYZAGUIRRE,Comunal,89,1,0.19857656985049973,0.1903737656291834,0.008202804221316334,0.297330981511338,0.23617942117918228,0.19857656985049973,0,0,0,30,1,106,284,38503,575805,869437,7145,29.556058984145345,9.32741043123897,35.527986477682894,31.498539368056015,29.556058984145345
logit,Logit (Biogeme),92,C074,URETA COX,Comunal,71,1,0.1974140333635773,0.21345150143056565,-0.01603746806698836,0.2979322762816429,0.23530510222542356,0.1974140333635773,0,0,0,29,1,106,161,38664,575805,869437,7174,29.753473017508924,9.329264928101638,35.82591875396454,31.73384447028144,29.753473017508924
logit,Logit (Biogeme),93,C015,JOSE MANUEL GUZMAN,Comunal,90,1,0.19706837505228803,0.18960468177331652,0.007463693278971506,0.3207182539002636,0.25221523650424194,0.19706837505228803,2719,2719,1614,20,1,106,202,38866,578524,871051,7194,29.950541392561213,9.331023615380282,36.1466370078648,31.98605970678568,29.950541392561213
logit,Logit (Biogeme),94,C054,VICTORIA,Comunal,101,1,0.19500437415034974,0.17470758960201238,0.02029678454833736,0.30233654046708713,0.23717102103288265,0.19500437415034974,0,0,0,26,1,106,249,39115,578524,871051,7220,30.145545766711564,9.332676869619613,36.448973548331885,32.22323072781857,30.145545766711564
logit,Logit (Biogeme),95,C076,ISLA DECEPCION,Comunal,97,1,0.1941274221837394,0.17999371251977017,0.014133709663969235,0.302372152638356,0.23852189922432,0.1941274221837394,0,0,0,23,1,106,97,39212,578524,871051,7243,30.339673188895304,9.334240398057574,36.75134570097024,32.461752627042884,30.339673188895304
logit,Logit (Biogeme),96,C069,LOS OLMOS,Comunal,84,1,0.19390455819420666,0.19390455819420666,0,0.2594151168255869,0.224104102084041,0.19390455819420666,13970,0,0,40,0,107,167,39379,592494,871051,7283,30.53357774708951,9.335724044845842,37.01076081779583,32.685856729126925,30.53357774708951
logit,Logit (Biogeme),97,C002,CAPITAN IGNACIO CARRERA PINTO,Comunal,98,1,0.1924469448966424,0.17888675002243204,0.013560194874210368,0.26251242714878403,0.23635281892933974,0.1924469448966424,0,0,0,27,1,107,162,39541,592494,871051,7310,30.72602469198615,9.337122914112499,37.27327324494461,32.922209548056266,30.72602469198615
logit,Logit (Biogeme),98,C037,SAN ALFONSO,Comunal,86,1,0.19201768382824808,0.19201768382824808,0,0.3032697592490899,0.24289974460612965,0.19201768382824808,0,0,0,19,1,107,201,39742,592494,871051,7329,30.918042375814398,9.338448875690485,37.5765430041937,33.16510929266239,30.918042375814398
logit,Logit (Biogeme),99,C039,TUPUNGATO,Comunal,115,1,0.1916789136756188,0.14683077288651858,0.04484814078910021,0.2987598900632478,0.23637073038528345,0.1916789136756188,0,0,0,21,1,107,63,39805,592494,871051,7350,31.109721289490018,9.339706316808865,37.87530289425695,33.401480023047675,31.109721289490018
logit,Logit (Biogeme),100,C038,TALCAHUANO - SANTA INES - LOS EDILES,Comunal,106,1,0.19022359496629623,0.1639294070953937,0.02629418787090254,0.29728090611642544,0.23462434793409642,0.19022359496629623,0,0,0,21,1,107,90,39895,592494,871051,7371,31.299944884456313,9.340891816127176,38.172583800373374,33.63610437098177,31.299944884456313
logit,Logit (Biogeme),101,C019,LAS HIJUELAS SUR - LIBERTADOR BERNARDO OHIGGINS,Comunal,114,1,0.1889231744683138,0.14714790065052327,0.04177527381779053,0.30542874072534937,0.2413099316948038,0.1889231744683138,0,0,0,15,1,107,137,40032,592494,871051,7386,31.488868058924627,9.342010341302014,38.47801254109872,33.87741430267657,31.488868058924627
logit,Logit (Biogeme),102,C071,BARROS ARANA,Comunal,105,1,0.18754843152988374,0.16451746479014384,0.023030966739739894,0.30014490645277153,0.23681072969954797,0.18754843152988374,0,0,0,17,1,107,177,40209,592494,871051,7403,31.67641649045451,9.34306520797266,38.77815744755149,34.11422503237612,31.67641649045451
logit,Logit (Biogeme),103,C008,EL CERRO,Comunal,110,1,0.18726473155405718,0.1529399104401457,0.03432482111391147,0.29468858717694635,0.22875200617178887,0.18726473155405718,0,0,0,22,1,107,206,40415,592494,871051,7425,31.863681222008566,9.344065815422042,39.07284603472844,34.34297703854791,31.863681222008566
logit,Logit (Biogeme),104,C072,COVADONGA,Comunal,116,1,0.18588992567122067,0.14198578441090953,0.04390414126031114,0.2969544233648419,0.2359084038594041,0.18588992567122067,0,0,0,15,1,107,143,40558,592494,871051,7440,32.049571147679785,9.345009413827922,39.36980045809329,34.57888544240731,32.049571147679785
logit,Logit (Biogeme),105,C065,NUEVA SAN MARTIN,Comunal,88,1,0.18514811292429473,0.19122996779584284,-0.006081854871548109,0.29384044783423063,0.23357648258015803,0.18514811292429473,0,0,0,16,1,107,179,40737,592494,871051,7456,32.23471926060408,9.345902255063924,39.663640905927515,34.81246192498747,32.23471926060408
logit,Logit (Biogeme),106,C055,ARTURO PRAT,Comunal,121,1,0.18429129698464783,0.13183620483021238,0.052455092154435445,0.2993094469543447,0.23644973902449742,0.18429129698464783,0,0,0,13,1,107,101,40838,592494,871051,7469,32.41901055758873,9.34674652899924,39.96295035288186,35.04891166401197,32.41901055758873
logit,Logit (Biogeme),107,C027,LOS PRESIDENTES,Comunal,93,1,0.1840582588770943,0.18299382515583398,0.001064433721260305,0.2906929154863296,0.23024154220783521,0.1840582588770943,0,0,0,18,1,107,254,41092,592494,871051,7487,32.60306881646582,9.347547575024949,40.253643268368194,35.2791532062198,32.60306881646582
logit,Logit (Biogeme),108,C042,PRINCIPE DE GALES,Comunal,94,1,0.1824105801875916,0.1824105801875916,0,0.3015275299366899,0.2384160652407623,0.1824105801875916,0,0,0,11,1,107,190,41282,592494,871051,7498,32.785479396653415,9.348301756378385,40.555170798304886,35.517569271460566,32.785479396653415
logit,Logit (Biogeme),109,C044,LOS CERRILLOS,Comunal,61,1,0.18124804277391354,0.2313834810950989,-0.05013543832118536,0.2935065738147714,0.23316147230613996,0.18124804277391354,0,0,0,12,1,107,196,41478,592494,871051,7510,32.96672743942733,9.34901366244964,40.84867737211966,35.75073074376671,32.96672743942733
logit,Logit (Biogeme),110,C077,RICARDO VIAL,Comunal,111,1,0.1810939403958066,0.1503326114866315,0.0307613289091751,0.29742450792650815,0.2351228049290671,0.1810939403958066,0,0,0,10,1,107,54,41532,592494,871051,7520,33.147821379823135,9.34968939819817,41.14610188004617,35.98585354869578,33.147821379823135
logit,Logit (Biogeme),111,C031,NECOCHEA,Comunal,109,1,0.17983804646587245,0.15780159348001108,0.022036452985861377,0.29460602459560964,0.2330898759385268,0.17983804646587245,0,0,0,10,1,107,56,41588,592494,871051,7530,33.32765942628901,9.350326895216806,41.440707904641776,36.218943424634304,33.32765942628901
logit,Logit (Biogeme),112,C012,GABRIELA ORIENTE,Comunal,99,1,0.17894456942410833,0.17690033815567452,0.0020442312684338104,0.2504161476776965,0.22364634166828282,0.17894456942410833,0,0,0,22,1,107,134,41722,592494,871051,7552,33.50660399571312,9.350929508513401,41.69112405231947,36.44258976630259,33.50660399571312
logit,Logit (Biogeme),113,C079,LAS AMERICAS,Comunal,113,1,0.17686303045263937,0.14744018350384308,0.029422846948796294,0.2935581354089318,0.23205085820621543,0.17686303045263937,0,0,0,8,1,107,137,41859,592494,871051,7560,33.68346702616576,9.351495331848868,41.9846821877284,36.674640624508804,33.68346702616576
logit,Logit (Biogeme),114,C013,HEROES DE LA CONCEPCION,Comunal,102,1,0.1743374965448725,0.1743374965448725,0,0.29161502323158384,0.23046310192603195,0.1743374965448725,0,0,0,6,1,107,87,41946,592494,871051,7566,33.85780452271063,9.35202518827145,42.27629721095999,36.90510372643484,33.85780452271063
logit,Logit (Biogeme),115,C036,RIO REFUGIO - SALAR SURIRE,Comunal,112,1,0.17420662517757746,0.14908897852462838,0.025117646652949077,0.29322394331653584,0.23328647070480674,0.17420662517757746,0,0,0,3,1,107,45,41991,592494,871051,7569,34.032011147888205,9.352528174008793,42.56952115427652,37.13839019713964,34.032011147888205
logit,Logit (Biogeme),116,C087,SALVADOR GUTIERREZ,Comunal,75,1,0.1649146121364474,0.21039752826780417,-0.04548291613135677,0.24225656888983763,0.21188682900489206,0.1649146121364474,0,0,0,14,1,107,81,42072,592494,871051,7583,34.196925760024655,9.35298052312476,42.81177772316636,37.35027702614453,34.196925760024655
logit,Logit (Biogeme),117,C041,VISTA HERMOSA,Comunal,59,1,0.16183409678560015,0.235583832755771,-0.07374973597017084,0.23729046079619398,0.20850472190267128,0.16183409678560015,0,0,0,13,1,107,114,42186,592494,871051,7596,34.35875985681025,9.353402227631006,43.049068183962554,37.5587817480472,34.35875985681025
logit,Logit (Biogeme),118,C045,PORTO ALEGRE,Comunal,117,1,0.15458258705732308,0.14048938720715112,0.014093199850171961,0.21264190235657252,0.1809483240440151,0.15458258705732308,400,400,200,22,2,106,125,42311,592894,871251,7618,34.51334244386757,9.353784895845566,43.26171008631913,37.73973007209122,34.51334244386757
logit,Logit (Biogeme),119,C017,LA PARINACOTA,Comunal,104,1,0.15053615867438333,0.165128579848105,-0.01459242117372167,0.2279533954363316,0.20253116297474266,0.15053615867438333,2096,0,0,6,1,106,465,42776,594990,871251,7624,34.663878602541956,9.35413891458697,43.48966348175546,37.94226123506596,34.663878602541956
logit,Logit (Biogeme),120,C018,LA PRIMAVERA,Comunal,119,1,0.13789709435686878,0.13788652654852657,0.000010567808342215601,0.18729403797436894,0.1473790647396736,0.13789709435686878,21,21,11,34,1,106,183,42959,595011,871262,7658,34.80177569689882,9.354446995040243,43.676957519729825,38.08964029980564,34.80177569689882
logit,Logit (Biogeme),121,C016,JUANITA,Comunal,123,1,0.1970299347953354,0.12160360526517436,0.07542632953016104,0.29883204783684036,0.2358376554167095,0.1970299347953354,0,0,0,28,1,106,123,43082,595011,871262,7686,34.99880563169416,9.354865176571247,43.975789567566665,38.32547795522235,34.99880563169416
logit,Logit (Biogeme),122,C021,LAUTARO,Comunal,120,1,0.13607709180333663,0.13541619523974366,0.000660896563592972,0.2358503091324281,0.16412086426345612,0.13607709180333663,258,258,129,16,1,106,342,43424,595269,871391,7702,35.1348827234975,9.355139549499969,44.211639876699095,38.489598819485806,35.1348827234975
logit,Logit (Biogeme),123,C073,LOS MORROS,Comunal,122,1,0.12911338868955238,0.12911338868955238,0,0.16537203853610075,0.1655175086873455,0.12911338868955238,4670,0,0,17,0,107,335,43759,599939,871391,7719,35.26399611218705,9.355386864879922,44.377011915235194,38.65511632817315,35.26399611218705
logit,Logit (Biogeme),124,C025,LOS DURAZNOS,Comunal,124,1,0.10593957082677434,0.10581804103083872,0.00012152979593561819,0.17779517513220938,0.14082523619954412,0.10593957082677434,238,238,119,2,1,107,128,43887,600177,871510,7721,35.36993568301383,9.355579644739572,44.554807090367404,38.7959415643727,35.36993568301383
